instance,n,axis,cell,strategy,balance_arm,soft_lower_penalty,soft_upper_target,span_coef,spatial_span_coef,stops_floor_penalty,max_vehicles_forced,time_global_span_coef,post_resequence,arc_lambda,arc_tau,cluster_neighbors,cluster_count,vehicles_per_cluster,warm_start,seed,starts,budget_mode,start_time_limit_sec,k,drops,degenerate_routes,travel_sec,balance,sigma_t_sec,dur_min_sec,dur_median_sec,dur_max_sec,crossings_chord,crossings_road,worst_iou,interleave_per_route,walk_ratio,saturation_mean,sat_estimated,relleno_sec,msf_k_sec,relleno_msf_sec,deficit_sec,wall_clock_sec,t_osrm_sec,t_model_build_sec,t_first_solution_sec,t_metaheuristic_sec,t_extraction_sec,two_opt_gap
battery-n50,50,factorial,floor10000-mid,spatial_term,actual,10000,midpoint,0,3,10000,,0,False,0.0,112.6,,,,,1,1,per-start,105,2,0,0,8378,0.999,2,7187,7189,7191,4,0,0.218,21.5,0.583,0.665,0.278,6354,1975,6403,8400,105.07,0.001,0.004,0.009,104.99,0.0,0.454
battery-n50,50,factorial,floor10000-mid,spatial_term,actual,10000,midpoint,0,3,10000,,0,False,0.0,112.6,,,,,2,1,per-start,105,2,0,0,8398,0.998,8,7191,7199,7207,6,4,0.195,16.5,0.583,0.667,0.278,6374,1975,6423,8400,105.03,0.001,0.002,0.009,104.992,0.0,0.4368
battery-n50,50,factorial,floor10000-mid,spatial_term,actual,10000,midpoint,0,3,10000,,0,False,0.0,112.6,,,,,3,1,per-start,105,2,0,0,8399,0.998,8,7191,7200,7208,5,6,0.186,10.5,0.583,0.667,0.278,6375,1975,6424,8400,105.02,0.001,0.002,0.008,104.992,0.0,0.4811
battery-n50,50,factorial,floor10000-tmax,spatial_term,actual,10000,tmax,0,3,10000,,0,False,0.0,112.6,,,,,1,1,per-start,105,1,0,0,3419,1.0,0,9419,9419,9419,0,1,0.0,0.0,0.363,0.872,0.556,1352,2746,673,1200,105.03,0.001,0.002,0.008,104.992,0.0,0.0251
battery-n50,50,factorial,floor10000-tmax,spatial_term,actual,10000,tmax,0,3,10000,,0,False,0.0,112.6,,,,,2,1,per-start,105,1,0,0,3419,1.0,0,9419,9419,9419,0,1,0.0,0.0,0.363,0.872,0.556,1352,2746,673,1200,105.02,0.001,0.002,0.008,104.992,0.0,0.0251
battery-n50,50,factorial,floor10000-tmax,spatial_term,actual,10000,tmax,0,3,10000,,0,False,0.0,112.6,,,,,3,1,per-start,105,1,0,0,3419,1.0,0,9419,9419,9419,0,1,0.0,0.0,0.363,0.872,0.556,1352,2746,673,1200,105.02,0.001,0.002,0.008,104.992,0.0,0.0251
battery-n50,50,factorial,floor2000-mid,spatial_term,actual,2000,midpoint,0,3,10000,,0,False,0.0,112.6,,,,,1,1,per-start,105,2,0,0,8383,0.999,2,7189,7192,7194,12,4,0.213,12.5,0.583,0.666,0.278,6359,1975,6408,8400,105.02,0.001,0.002,0.008,104.992,0.0,0.5147
battery-n50,50,factorial,floor2000-mid,spatial_term,actual,2000,midpoint,0,3,10000,,0,False,0.0,112.6,,,,,2,1,per-start,105,2,0,0,8384,1.0,1,7191,7192,7193,8,0,0.166,19.0,0.583,0.666,0.278,6360,1975,6409,8400,104.94,0.001,0.002,0.008,104.916,0.0,0.4621
battery-n50,50,factorial,floor2000-mid,spatial_term,actual,2000,midpoint,0,3,10000,,0,False,0.0,112.6,,,,,3,1,per-start,105,2,0,0,8378,0.999,3,7186,7189,7192,8,11,0.207,15.0,0.583,0.665,0.278,6354,1975,6403,8400,105.02,0.001,0.002,0.009,104.991,0.0,0.4984
battery-n50,50,factorial,floor2000-tmax,spatial_term,actual,2000,tmax,0,3,10000,,0,False,0.0,112.6,,,,,1,1,per-start,105,1,0,0,3419,1.0,0,9419,9419,9419,0,1,0.0,0.0,0.363,0.872,0.556,1352,2746,673,1200,105.02,0.001,0.002,0.008,104.99,0.0,0.0251
battery-n50,50,factorial,floor2000-tmax,spatial_term,actual,2000,tmax,0,3,10000,,0,False,0.0,112.6,,,,,2,1,per-start,105,1,0,0,3419,1.0,0,9419,9419,9419,0,1,0.0,0.0,0.363,0.872,0.556,1352,2746,673,1200,105.02,0.001,0.002,0.008,104.991,0.0,0.0251
battery-n50,50,factorial,floor2000-tmax,spatial_term,actual,2000,tmax,0,3,10000,,0,False,0.0,112.6,,,,,3,1,per-start,105,1,0,0,3419,1.0,0,9419,9419,9419,0,1,0.0,0.0,0.363,0.872,0.556,1352,2746,673,1200,105.02,0.001,0.002,0.009,104.991,0.0,0.0251
battery-n50,50,factorial,floor500-mid,spatial_term,actual,500,midpoint,0,3,10000,,0,False,0.0,112.6,,,,,1,1,per-start,105,2,0,0,8394,0.999,4,7193,7197,7201,6,5,0.22,18.0,0.583,0.667,0.278,6370,1975,6419,8400,105.02,0.001,0.002,0.008,104.991,0.0,0.4933
battery-n50,50,factorial,floor500-mid,spatial_term,actual,500,midpoint,0,3,10000,,0,False,0.0,112.6,,,,,2,1,per-start,105,2,0,0,8398,0.999,4,7195,7199,7203,7,6,0.122,7.5,0.583,0.667,0.278,6374,1975,6423,8400,105.02,0.001,0.002,0.009,104.99,0.0,0.517
battery-n50,50,factorial,floor500-mid,spatial_term,actual,500,midpoint,0,3,10000,,0,False,0.0,112.6,,,,,3,1,per-start,105,2,0,0,8387,0.998,6,7187,7194,7200,6,0,0.191,18.5,0.583,0.666,0.278,6363,1975,6412,8400,105.02,0.001,0.002,0.008,104.991,0.0,0.5011
battery-n50,50,factorial,floor500-tmax,spatial_term,actual,500,tmax,0,3,10000,,0,False,0.0,112.6,,,,,1,1,per-start,105,1,0,0,3419,1.0,0,9419,9419,9419,0,1,0.0,0.0,0.363,0.872,0.556,1352,2746,673,1200,105.02,0.001,0.002,0.009,104.99,0.0,0.0251
battery-n50,50,factorial,floor500-tmax,spatial_term,actual,500,tmax,0,3,10000,,0,False,0.0,112.6,,,,,2,1,per-start,105,1,0,0,3419,1.0,0,9419,9419,9419,0,1,0.0,0.0,0.363,0.872,0.556,1352,2746,673,1200,105.02,0.001,0.002,0.008,104.991,0.0,0.0251
battery-n50,50,factorial,floor500-tmax,spatial_term,actual,500,tmax,0,3,10000,,0,False,0.0,112.6,,,,,3,1,per-start,105,1,0,0,3419,1.0,0,9419,9419,9419,0,1,0.0,0.0,0.363,0.872,0.556,1352,2746,673,1200,104.97,0.001,0.002,0.009,104.944,0.0,0.0251
battery-n50,50,factorial,floor100-mid,spatial_term,actual,100,midpoint,0,3,10000,,0,False,0.0,112.6,,,,,1,1,per-start,105,2,0,0,8386,1.0,1,7192,7193,7194,4,1,0.202,18.0,0.583,0.666,0.278,6362,1975,6411,8400,105.02,0.001,0.002,0.008,104.99,0.0,0.4934
battery-n50,50,factorial,floor100-mid,spatial_term,actual,100,midpoint,0,3,10000,,0,False,0.0,112.6,,,,,2,1,per-start,105,2,0,0,8400,0.996,14,7186,7200,7214,5,9,0.209,17.5,0.583,0.667,0.278,6376,1975,6425,8400,105.02,0.001,0.002,0.008,104.99,0.0,0.4534
battery-n50,50,factorial,floor100-mid,spatial_term,actual,100,midpoint,0,3,10000,,0,False,0.0,112.6,,,,,3,1,per-start,105,2,0,0,8384,1.0,1,7191,7192,7193,6,2,0.116,7.5,0.583,0.666,0.278,6360,1975,6409,8400,105.02,0.001,0.002,0.009,104.99,0.0,0.5242
battery-n50,50,factorial,floor100-tmax,spatial_term,actual,100,tmax,0,3,10000,,0,False,0.0,112.6,,,,,1,1,per-start,105,1,0,0,3419,1.0,0,9419,9419,9419,0,1,0.0,0.0,0.363,0.872,0.556,1352,2746,673,1200,105.02,0.001,0.002,0.009,104.989,0.0,0.0251
battery-n50,50,factorial,floor100-tmax,spatial_term,actual,100,tmax,0,3,10000,,0,False,0.0,112.6,,,,,2,1,per-start,105,1,0,0,3419,1.0,0,9419,9419,9419,0,1,0.0,0.0,0.363,0.872,0.556,1352,2746,673,1200,105.02,0.001,0.002,0.009,104.99,0.0,0.0251
battery-n50,50,factorial,floor100-tmax,spatial_term,actual,100,tmax,0,3,10000,,0,False,0.0,112.6,,,,,3,1,per-start,105,1,0,0,3419,1.0,0,9419,9419,9419,0,1,0.0,0.0,0.363,0.872,0.556,1352,2746,673,1200,105.02,0.001,0.002,0.009,104.989,0.0,0.0251
battery-n100,100,factorial,floor10000-mid,spatial_term,actual,10000,midpoint,0,3,10000,,0,False,0.0,67.3,,,,,1,1,per-start,120,2,0,0,4295,0.968,134,8014,8148,8281,0,12,0.017,3.0,0.264,0.754,0.556,1835,2601,1694,2400,120.03,0.003,0.007,0.021,119.977,0.0,0.0699
battery-n100,100,factorial,floor10000-mid,spatial_term,actual,10000,midpoint,0,3,10000,,0,False,0.0,67.3,,,,,2,1,per-start,120,2,0,0,4079,0.828,758,7282,8040,8797,0,4,0.049,5.0,0.254,0.744,0.556,1619,2601,1478,2400,120.03,0.003,0.007,0.021,119.979,0.0,0.0656
battery-n100,100,factorial,floor10000-mid,spatial_term,actual,10000,midpoint,0,3,10000,,0,False,0.0,67.3,,,,,3,1,per-start,120,2,0,0,4336,0.959,172,7996,8168,8340,1,12,0.017,3.0,0.265,0.756,0.556,1876,2601,1735,2400,120.07,0.003,0.007,0.021,120.019,0.0,0.1128
battery-n100,100,factorial,floor10000-tmax,spatial_term,actual,10000,tmax,0,3,10000,,0,False,0.0,67.3,,,,,1,1,per-start,120,2,0,0,4251,0.962,158,7967,8125,8283,3,4,0.017,3.0,0.262,0.752,0.556,1791,2601,1650,2401,120.03,0.003,0.007,0.02,119.979,0.001,0.0722
battery-n100,100,factorial,floor10000-tmax,spatial_term,actual,10000,tmax,0,3,10000,,0,False,0.0,67.3,,,,,2,1,per-start,120,2,0,0,4271,0.965,146,7990,8136,8281,0,11,0.017,3.0,0.262,0.754,0.556,1811,2601,1670,2400,120.04,0.003,0.007,0.021,119.978,0.001,0.0766
battery-n100,100,factorial,floor10000-tmax,spatial_term,actual,10000,tmax,0,3,10000,,0,False,0.0,67.3,,,,,3,1,per-start,120,2,0,0,4292,0.967,138,8008,8146,8283,3,11,0.017,3.0,0.263,0.754,0.556,1832,2601,1691,2401,120.03,0.003,0.007,0.022,119.978,0.0,0.081
battery-n100,100,factorial,floor2000-mid,spatial_term,actual,2000,midpoint,0,3,10000,,0,False,0.0,67.3,,,,,1,1,per-start,120,2,0,0,4295,0.968,134,8014,8148,8281,0,12,0.017,3.0,0.264,0.754,0.556,1835,2601,1694,2400,120.03,0.003,0.007,0.022,119.976,0.0,0.0699
battery-n100,100,factorial,floor2000-mid,spatial_term,actual,2000,midpoint,0,3,10000,,0,False,0.0,67.3,,,,,2,1,per-start,120,2,0,0,4079,0.828,758,7282,8040,8797,0,4,0.049,5.0,0.254,0.744,0.556,1619,2601,1478,2400,120.03,0.003,0.007,0.022,119.977,0.0,0.0656
battery-n100,100,factorial,floor2000-mid,spatial_term,actual,2000,midpoint,0,3,10000,,0,False,0.0,67.3,,,,,3,1,per-start,120,2,0,0,4336,0.959,172,7996,8168,8340,1,12,0.017,3.0,0.265,0.756,0.556,1876,2601,1735,2400,120.03,0.003,0.007,0.021,119.978,0.0,0.1128
battery-n100,100,factorial,floor2000-tmax,spatial_term,actual,2000,tmax,0,3,10000,,0,False,0.0,67.3,,,,,1,1,per-start,120,2,0,0,4251,0.962,158,7967,8125,8283,3,4,0.017,3.0,0.262,0.752,0.556,1791,2601,1650,2401,120.16,0.003,0.007,0.021,120.105,0.0,0.0722
battery-n100,100,factorial,floor2000-tmax,spatial_term,actual,2000,tmax,0,3,10000,,0,False,0.0,67.3,,,,,2,1,per-start,120,2,0,0,4271,0.965,146,7990,8136,8281,0,11,0.017,3.0,0.262,0.754,0.556,1811,2601,1670,2400,120.03,0.003,0.007,0.021,119.981,0.0,0.0766
battery-n100,100,factorial,floor2000-tmax,spatial_term,actual,2000,tmax,0,3,10000,,0,False,0.0,67.3,,,,,3,1,per-start,120,2,0,0,4292,0.967,138,8008,8146,8283,3,11,0.017,3.0,0.263,0.754,0.556,1832,2601,1691,2401,120.04,0.003,0.007,0.021,119.981,0.0,0.081
battery-n100,100,factorial,floor500-mid,spatial_term,actual,500,midpoint,0,3,10000,,0,False,0.0,67.3,,,,,1,1,per-start,120,2,0,0,4295,0.968,134,8014,8148,8281,0,12,0.017,3.0,0.264,0.754,0.556,1835,2601,1694,2400,120.04,0.003,0.007,0.021,119.983,0.0,0.0699
battery-n100,100,factorial,floor500-mid,spatial_term,actual,500,midpoint,0,3,10000,,0,False,0.0,67.3,,,,,2,1,per-start,120,2,0,0,4079,0.828,758,7282,8040,8797,0,4,0.049,5.0,0.254,0.744,0.556,1619,2601,1478,2400,120.03,0.003,0.007,0.021,119.98,0.0,0.0656
battery-n100,100,factorial,floor500-mid,spatial_term,actual,500,midpoint,0,3,10000,,0,False,0.0,67.3,,,,,3,1,per-start,120,2,0,0,4336,0.959,172,7996,8168,8340,1,12,0.017,3.0,0.265,0.756,0.556,1876,2601,1735,2400,120.07,0.003,0.007,0.021,119.992,0.0,0.1128
battery-n100,100,factorial,floor500-tmax,spatial_term,actual,500,tmax,0,3,10000,,0,False,0.0,67.3,,,,,1,1,per-start,120,2,0,0,4172,0.953,196,7890,8086,8281,0,2,0.017,3.0,0.258,0.749,0.556,1712,2601,1571,2401,120.04,0.003,0.007,0.021,119.981,0.0,0.0531
battery-n100,100,factorial,floor500-tmax,spatial_term,actual,500,tmax,0,3,10000,,0,False,0.0,67.3,,,,,2,1,per-start,120,2,0,0,4271,0.965,146,7990,8136,8281,0,11,0.017,3.0,0.262,0.754,0.556,1811,2601,1670,2400,120.04,0.003,0.007,0.021,119.981,0.0,0.0766
battery-n100,100,factorial,floor500-tmax,spatial_term,actual,500,tmax,0,3,10000,,0,False,0.0,67.3,,,,,3,1,per-start,120,2,0,0,4292,0.967,138,8008,8146,8283,3,11,0.017,3.0,0.263,0.754,0.556,1832,2601,1691,2401,120.03,0.003,0.007,0.021,119.975,0.0,0.081
battery-n100,100,factorial,floor100-mid,spatial_term,actual,100,midpoint,0,3,10000,,0,False,0.0,67.3,,,,,1,1,per-start,120,2,0,0,4295,0.968,134,8014,8148,8281,0,12,0.017,3.0,0.264,0.754,0.556,1835,2601,1694,2400,120.01,0.003,0.007,0.021,119.953,0.0,0.0699
battery-n100,100,factorial,floor100-mid,spatial_term,actual,100,midpoint,0,3,10000,,0,False,0.0,67.3,,,,,2,1,per-start,120,2,0,0,4079,0.828,758,7282,8040,8797,0,4,0.049,5.0,0.254,0.744,0.556,1619,2601,1478,2400,120.03,0.003,0.007,0.021,119.979,0.0,0.0656
battery-n100,100,factorial,floor100-mid,spatial_term,actual,100,midpoint,0,3,10000,,0,False,0.0,67.3,,,,,3,1,per-start,120,2,0,0,4336,0.959,172,7996,8168,8340,1,12,0.017,3.0,0.265,0.756,0.556,1876,2601,1735,2400,120.04,0.003,0.007,0.021,119.981,0.0,0.1128
battery-n100,100,factorial,floor100-tmax,spatial_term,actual,100,tmax,0,3,10000,,0,False,0.0,67.3,,,,,1,1,per-start,120,2,0,0,4289,0.967,136,8008,8144,8281,0,11,0.017,3.0,0.263,0.754,0.556,1829,2601,1688,2400,120.05,0.004,0.007,0.023,119.994,0.0,0.0791
battery-n100,100,factorial,floor100-tmax,spatial_term,actual,100,tmax,0,3,10000,,0,False,0.0,67.3,,,,,2,1,per-start,120,2,0,0,4271,0.965,146,7990,8136,8281,0,11,0.017,3.0,0.262,0.754,0.556,1811,2601,1670,2400,120.05,0.003,0.007,0.021,119.991,0.0,0.0766
battery-n100,100,factorial,floor100-tmax,spatial_term,actual,100,tmax,0,3,10000,,0,False,0.0,67.3,,,,,3,1,per-start,120,2,0,0,4292,0.967,138,8008,8146,8283,3,11,0.017,3.0,0.263,0.754,0.556,1832,2601,1691,2401,120.04,0.003,0.007,0.021,119.98,0.0,0.081
battery-n200,200,factorial,floor10000-mid,spatial_term,actual,10000,midpoint,0,3,10000,,0,False,0.0,59.0,,,,,1,1,per-start,120,4,0,0,8002,0.903,301,7585,8010,8396,0,7,0.191,21.5,0.25,0.741,0.556,4524,4541,3461,4801,120.08,0.01,0.029,0.061,119.939,0.001,0.0549
battery-n200,200,factorial,floor10000-mid,spatial_term,actual,10000,midpoint,0,3,10000,,0,False,0.0,59.0,,,,,2,1,per-start,120,4,0,0,8298,0.882,405,7550,8095,8558,2,10,0.238,29.75,0.257,0.748,0.556,4820,4541,3757,4800,120.07,0.009,0.029,0.061,119.933,0.001,0.0635
battery-n200,200,factorial,floor10000-mid,spatial_term,actual,10000,midpoint,0,3,10000,,0,False,0.0,59.0,,,,,3,1,per-start,120,4,0,0,8332,0.869,498,7500,8103,8626,1,18,0.217,15.0,0.258,0.748,0.556,4854,4541,3791,4800,120.05,0.011,0.027,0.063,119.908,0.001,0.0827
battery-n200,200,factorial,floor10000-tmax,spatial_term,actual,10000,tmax,0,3,10000,,0,False,0.0,59.0,,,,,1,1,per-start,120,4,0,0,7801,0.87,393,7433,7914,8539,3,12,0.079,9.0,0.245,0.736,0.556,4323,4541,3260,4800,120.11,0.01,0.029,0.06,119.941,0.001,0.1034
battery-n200,200,factorial,floor10000-tmax,spatial_term,actual,10000,tmax,0,3,10000,,0,False,0.0,59.0,,,,,2,1,per-start,120,4,0,0,8120,0.845,532,7290,8100,8630,2,9,0.119,12.5,0.253,0.744,0.556,4642,4541,3579,4800,120.09,0.01,0.026,0.065,119.936,0.001,0.0826
battery-n200,200,factorial,floor10000-tmax,spatial_term,actual,10000,tmax,0,3,10000,,0,False,0.0,59.0,,,,,3,1,per-start,120,4,0,0,8390,0.844,556,7377,8138,8737,2,11,0.021,1.0,0.259,0.75,0.556,4912,4541,3849,4801,120.09,0.009,0.026,0.063,119.937,0.002,0.1316
battery-n200,200,factorial,floor2000-mid,spatial_term,actual,2000,midpoint,0,3,10000,,0,False,0.0,59.0,,,,,1,1,per-start,120,4,0,0,8002,0.903,301,7585,8010,8396,0,7,0.191,21.5,0.25,0.741,0.556,4524,4541,3461,4801,120.08,0.012,0.026,0.061,119.94,0.001,0.0549
battery-n200,200,factorial,floor2000-mid,spatial_term,actual,2000,midpoint,0,3,10000,,0,False,0.0,59.0,,,,,2,1,per-start,120,4,0,0,8298,0.882,405,7550,8095,8558,2,10,0.238,29.75,0.257,0.748,0.556,4820,4541,3757,4800,120.08,0.009,0.026,0.062,119.94,0.001,0.0635
battery-n200,200,factorial,floor2000-mid,spatial_term,actual,2000,midpoint,0,3,10000,,0,False,0.0,59.0,,,,,3,1,per-start,120,4,0,0,8332,0.869,498,7500,8103,8626,1,18,0.217,15.0,0.258,0.748,0.556,4854,4541,3791,4800,120.08,0.009,0.026,0.06,119.94,0.001,0.0827
battery-n200,200,factorial,floor2000-tmax,spatial_term,actual,2000,tmax,0,3,10000,,0,False,0.0,59.0,,,,,1,1,per-start,120,4,0,0,7801,0.87,393,7433,7914,8539,3,12,0.079,9.0,0.245,0.736,0.556,4323,4541,3260,4800,120.08,0.009,0.026,0.061,119.938,0.001,0.1034
battery-n200,200,factorial,floor2000-tmax,spatial_term,actual,2000,tmax,0,3,10000,,0,False,0.0,59.0,,,,,2,1,per-start,120,4,0,0,8120,0.845,532,7290,8100,8630,2,9,0.119,12.5,0.253,0.744,0.556,4642,4541,3579,4800,120.07,0.009,0.026,0.06,119.936,0.001,0.0826
battery-n200,200,factorial,floor2000-tmax,spatial_term,actual,2000,tmax,0,3,10000,,0,False,0.0,59.0,,,,,3,1,per-start,120,4,0,0,8370,0.815,713,7296,8062,8949,4,22,0.074,4.25,0.259,0.75,0.556,4892,4541,3829,4800,120.1,0.01,0.026,0.06,119.94,0.001,0.1263
battery-n200,200,factorial,floor500-mid,spatial_term,actual,500,midpoint,0,3,10000,,0,False,0.0,59.0,,,,,1,1,per-start,120,4,0,0,8002,0.903,301,7585,8010,8396,0,7,0.191,21.5,0.25,0.741,0.556,4524,4541,3461,4801,120.08,0.009,0.026,0.06,119.94,0.001,0.0549
battery-n200,200,factorial,floor500-mid,spatial_term,actual,500,midpoint,0,3,10000,,0,False,0.0,59.0,,,,,2,1,per-start,120,4,0,0,8550,0.885,426,7569,8215,8551,6,20,0.169,18.75,0.263,0.754,0.556,5072,4541,4009,4800,120.08,0.01,0.026,0.061,119.94,0.001,0.076
battery-n200,200,factorial,floor500-mid,spatial_term,actual,500,midpoint,0,3,10000,,0,False,0.0,59.0,,,,,3,1,per-start,120,4,0,0,8332,0.869,498,7500,8103,8626,1,18,0.217,15.0,0.258,0.748,0.556,4854,4541,3791,4800,120.08,0.009,0.026,0.062,119.939,0.001,0.0827
battery-n200,200,factorial,floor500-tmax,spatial_term,actual,500,tmax,0,3,10000,,0,False,0.0,59.0,,,,,1,1,per-start,120,4,0,0,8321,0.755,951,7316,7658,9690,3,12,0.242,17.25,0.257,0.748,0.556,4843,4541,3780,5040,120.08,0.009,0.026,0.061,119.939,0.001,0.0945
battery-n200,200,factorial,floor500-tmax,spatial_term,actual,500,tmax,0,3,10000,,0,False,0.0,59.0,,,,,2,1,per-start,120,4,0,0,8120,0.845,532,7290,8100,8630,2,9,0.119,12.5,0.253,0.744,0.556,4642,4541,3579,4800,120.08,0.009,0.026,0.061,119.939,0.001,0.0826
battery-n200,200,factorial,floor500-tmax,spatial_term,actual,500,tmax,0,3,10000,,0,False,0.0,59.0,,,,,3,1,per-start,120,4,0,0,8167,0.866,445,7415,8095,8562,2,17,0.035,4.0,0.254,0.745,0.556,4689,4541,3626,4800,120.07,0.009,0.026,0.061,119.935,0.001,0.1284
battery-n200,200,factorial,floor100-mid,spatial_term,actual,100,midpoint,0,3,10000,,0,False,0.0,59.0,,,,,1,1,per-start,120,4,0,0,8002,0.903,301,7585,8010,8396,0,7,0.191,21.5,0.25,0.741,0.556,4524,4541,3461,4801,120.06,0.009,0.026,0.062,119.923,0.001,0.0549
battery-n200,200,factorial,floor100-mid,spatial_term,actual,100,midpoint,0,3,10000,,0,False,0.0,59.0,,,,,2,1,per-start,120,4,0,0,8187,0.854,449,7394,8068,8658,2,17,0.151,12.25,0.254,0.745,0.556,4709,4541,3646,4800,120.09,0.01,0.026,0.061,119.939,0.001,0.11
battery-n200,200,factorial,floor100-mid,spatial_term,actual,100,midpoint,0,3,10000,,0,False,0.0,59.0,,,,,3,1,per-start,120,4,0,0,8332,0.869,498,7500,8103,8626,1,18,0.217,15.0,0.258,0.748,0.556,4854,4541,3791,4800,120.08,0.009,0.026,0.061,119.939,0.001,0.0827
battery-n200,200,factorial,floor100-tmax,spatial_term,actual,100,tmax,0,3,10000,,0,False,0.0,59.0,,,,,1,1,per-start,120,4,0,0,8321,0.755,951,7316,7658,9690,3,12,0.242,17.25,0.257,0.748,0.556,4843,4541,3780,5040,120.08,0.009,0.026,0.074,119.927,0.001,0.0945
battery-n200,200,factorial,floor100-tmax,spatial_term,actual,100,tmax,0,3,10000,,0,False,0.0,59.0,,,,,2,1,per-start,120,4,0,0,8112,0.847,575,7378,8010,8714,2,8,0.078,8.0,0.253,0.744,0.556,4634,4541,3571,4800,120.08,0.009,0.026,0.061,119.938,0.001,0.0881
battery-n200,200,factorial,floor100-tmax,spatial_term,actual,100,tmax,0,3,10000,,0,False,0.0,59.0,,,,,3,1,per-start,120,4,0,0,8074,0.833,545,7324,7978,8794,0,12,0.083,10.75,0.252,0.742,0.556,4596,4541,3533,5041,120.08,0.009,0.026,0.061,119.938,0.001,0.1028
battery-n400,400,factorial,floor10000-mid,spatial_term,actual,10000,midpoint,0,3,10000,,0,False,0.0,46.7,,,,,1,1,per-start,120,7,0,0,14251,0.976,87,8758,8938,8973,1,17,0.398,38.0,0.229,0.824,0.635,8733,7314,6937,3360,120.22,0.038,0.102,0.203,119.798,0.002,0.0323
battery-n400,400,factorial,floor10000-mid,spatial_term,actual,10000,midpoint,0,3,10000,,0,False,0.0,46.7,,,,,2,1,per-start,120,7,0,0,14220,0.975,69,8739,8895,8961,0,18,0.466,79.29,0.229,0.823,0.635,8702,7314,6906,3720,120.23,0.036,0.104,0.212,119.788,0.002,0.0383
battery-n400,400,factorial,floor10000-mid,spatial_term,actual,10000,midpoint,0,3,10000,,0,False,0.0,46.7,,,,,3,1,per-start,120,6,0,0,11942,0.86,497,9034,10187,10500,19,18,0.613,19.83,0.199,0.925,0.741,6410,7477,4465,0,120.21,0.036,0.103,0.211,119.788,0.002,0.0001
battery-n400,400,factorial,floor10000-tmax,spatial_term,actual,10000,tmax,0,3,10000,,0,False,0.0,46.7,,,,,1,1,per-start,120,6,0,0,13955,0.947,193,9928,10413,10482,7,29,0.386,55.33,0.225,0.956,0.741,8423,7477,6478,0,120.21,0.036,0.102,0.2,119.799,0.002,0.0729
battery-n400,400,factorial,floor10000-tmax,spatial_term,actual,10000,tmax,0,3,10000,,0,False,0.0,46.7,,,,,2,1,per-start,120,6,0,0,12964,0.927,319,9731,10238,10502,6,32,0.323,31.83,0.213,0.941,0.741,7432,7477,5487,0,120.21,0.036,0.102,0.205,119.795,0.002,0.0826
battery-n400,400,factorial,floor10000-tmax,spatial_term,actual,10000,tmax,0,3,10000,,0,False,0.0,46.7,,,,,3,1,per-start,120,6,0,0,13137,0.83,686,8933,10555,10766,3,31,0.469,9.67,0.215,0.943,0.741,7605,7477,5660,0,120.24,0.035,0.106,0.2,119.8,0.002,0.1125
battery-n400,400,factorial,floor2000-mid,spatial_term,actual,2000,midpoint,0,3,10000,,0,False,0.0,46.7,,,,,1,1,per-start,120,7,0,0,14251,0.976,87,8758,8938,8973,1,17,0.398,38.0,0.229,0.824,0.635,8733,7314,6937,3360,120.21,0.036,0.103,0.199,119.801,0.002,0.0323
battery-n400,400,factorial,floor2000-mid,spatial_term,actual,2000,midpoint,0,3,10000,,0,False,0.0,46.7,,,,,2,1,per-start,120,7,0,0,14220,0.975,69,8739,8895,8961,0,18,0.466,79.29,0.229,0.823,0.635,8702,7314,6906,3720,120.21,0.037,0.103,0.201,119.798,0.002,0.0383
battery-n400,400,factorial,floor2000-mid,spatial_term,actual,2000,midpoint,0,3,10000,,0,False,0.0,46.7,,,,,3,1,per-start,120,6,0,0,11942,0.86,497,9034,10187,10500,19,18,0.613,19.83,0.199,0.925,0.741,6410,7477,4465,0,120.23,0.036,0.102,0.201,119.8,0.002,0.0001
battery-n400,400,factorial,floor2000-tmax,spatial_term,actual,2000,tmax,0,3,10000,,0,False,0.0,46.7,,,,,1,1,per-start,120,6,0,0,13955,0.947,193,9928,10413,10482,7,29,0.386,55.33,0.225,0.956,0.741,8423,7477,6478,0,120.27,0.036,0.103,0.198,119.861,0.002,0.0729
battery-n400,400,factorial,floor2000-tmax,spatial_term,actual,2000,tmax,0,3,10000,,0,False,0.0,46.7,,,,,2,1,per-start,120,6,0,0,12964,0.927,319,9731,10238,10502,6,32,0.323,31.83,0.213,0.941,0.741,7432,7477,5487,0,120.21,0.036,0.102,0.199,119.802,0.002,0.0826
battery-n400,400,factorial,floor2000-tmax,spatial_term,actual,2000,tmax,0,3,10000,,0,False,0.0,46.7,,,,,3,1,per-start,120,6,0,0,13137,0.83,686,8933,10555,10766,3,31,0.469,9.67,0.215,0.943,0.741,7605,7477,5660,0,120.21,0.036,0.102,0.198,119.804,0.002,0.1125
battery-n400,400,factorial,floor500-mid,spatial_term,actual,500,midpoint,0,3,10000,,0,False,0.0,46.7,,,,,1,1,per-start,120,7,0,0,14251,0.976,87,8758,8938,8973,1,17,0.398,38.0,0.229,0.824,0.635,8733,7314,6937,3360,120.23,0.036,0.103,0.199,119.802,0.002,0.0323
battery-n400,400,factorial,floor500-mid,spatial_term,actual,500,midpoint,0,3,10000,,0,False,0.0,46.7,,,,,2,1,per-start,120,7,0,0,14220,0.975,69,8739,8895,8961,0,18,0.466,79.29,0.229,0.823,0.635,8702,7314,6906,3720,120.22,0.036,0.103,0.202,119.799,0.002,0.0383
battery-n400,400,factorial,floor500-mid,spatial_term,actual,500,midpoint,0,3,10000,,0,False,0.0,46.7,,,,,3,1,per-start,120,6,0,0,11942,0.86,497,9034,10187,10500,19,18,0.613,19.83,0.199,0.925,0.741,6410,7477,4465,0,120.21,0.036,0.103,0.201,119.8,0.002,0.0001
battery-n400,400,factorial,floor500-tmax,spatial_term,actual,500,tmax,0,3,10000,,0,False,0.0,46.7,,,,,1,1,per-start,120,6,0,0,13955,0.947,193,9928,10413,10482,7,29,0.386,55.33,0.225,0.956,0.741,8423,7477,6478,0,120.21,0.036,0.103,0.202,119.801,0.002,0.0729
battery-n400,400,factorial,floor500-tmax,spatial_term,actual,500,tmax,0,3,10000,,0,False,0.0,46.7,,,,,2,1,per-start,120,6,0,0,12964,0.927,319,9731,10238,10502,6,32,0.323,31.83,0.213,0.941,0.741,7432,7477,5487,0,120.23,0.036,0.102,0.199,119.802,0.002,0.0826
battery-n400,400,factorial,floor500-tmax,spatial_term,actual,500,tmax,0,3,10000,,0,False,0.0,46.7,,,,,3,1,per-start,120,6,0,0,13137,0.83,686,8933,10555,10766,3,31,0.469,9.67,0.215,0.943,0.741,7605,7477,5660,0,120.21,0.036,0.103,0.205,119.795,0.002,0.1125
battery-n400,400,factorial,floor100-mid,spatial_term,actual,100,midpoint,0,3,10000,,0,False,0.0,46.7,,,,,1,1,per-start,120,7,0,0,14647,0.992,25,8899,8958,8972,5,21,0.405,41.29,0.234,0.829,0.635,9129,7314,7333,2880,120.21,0.036,0.102,0.202,119.793,0.002,0.0335
battery-n400,400,factorial,floor100-mid,spatial_term,actual,100,midpoint,0,3,10000,,0,False,0.0,46.7,,,,,2,1,per-start,120,7,0,0,14220,0.975,69,8739,8895,8961,0,18,0.466,79.29,0.229,0.823,0.635,8702,7314,6906,3720,120.23,0.036,0.102,0.201,119.801,0.002,0.0383
battery-n400,400,factorial,floor100-mid,spatial_term,actual,100,midpoint,0,3,10000,,0,False,0.0,46.7,,,,,3,1,per-start,120,8,0,0,13325,0.912,266,7267,7687,7965,0,23,0.207,22.88,0.217,0.71,0.556,7822,7178,6147,9600,120.22,0.037,0.104,0.209,119.791,0.002,0.0522
battery-n400,400,factorial,floor100-tmax,spatial_term,actual,100,tmax,0,3,10000,,0,False,0.0,46.7,,,,,1,1,per-start,120,6,0,0,13529,0.919,330,9822,10256,10689,8,35,0.304,26.17,0.22,0.95,0.741,7997,7477,6052,0,120.22,0.037,0.105,0.199,119.802,0.002,0.0995
battery-n400,400,factorial,floor100-tmax,spatial_term,actual,100,tmax,0,3,10000,,0,False,0.0,46.7,,,,,2,1,per-start,120,6,0,0,14123,0.893,363,9610,10430,10767,3,39,0.32,39.5,0.227,0.959,0.741,8591,7477,6646,0,120.21,0.036,0.103,0.205,119.797,0.002,0.0843
battery-n400,400,factorial,floor100-tmax,spatial_term,actual,100,tmax,0,3,10000,,0,False,0.0,46.7,,,,,3,1,per-start,120,6,0,0,13137,0.83,686,8933,10555,10766,3,31,0.469,9.67,0.215,0.943,0.741,7605,7477,5660,0,120.23,0.036,0.104,0.2,119.802,0.002,0.1125
battery-n800,800,factorial,floor10000-mid,spatial_term,actual,10000,midpoint,0,3,10000,,0,False,0.0,35.4,,,,,1,1,per-start,120,12,0,0,19259,0.839,542,8999,9417,10730,24,19,0.522,52.25,0.167,0.889,0.741,10296,12392,6867,480,120.7,0.147,0.411,0.723,119.279,0.003,0.005
battery-n800,800,factorial,floor10000-mid,spatial_term,actual,10000,midpoint,0,3,10000,,0,False,0.0,35.4,,,,,2,1,per-start,120,12,0,0,20041,0.834,555,8970,9634,10750,49,29,0.321,55.33,0.173,0.895,0.741,11078,12392,7649,1560,120.72,0.147,0.41,0.726,119.274,0.003,0.0032
battery-n800,800,factorial,floor10000-mid,spatial_term,actual,10000,midpoint,0,3,10000,,0,False,0.0,35.4,,,,,3,1,per-start,120,12,0,0,19764,0.86,534,8957,9675,10418,14,18,0.381,61.58,0.171,0.893,0.741,10801,12392,7372,480,120.7,0.146,0.416,0.763,119.23,0.003,0.0063
battery-n800,800,factorial,floor10000-tmax,spatial_term,actual,10000,tmax,0,3,10000,,0,False,0.0,35.4,,,,,1,1,per-start,120,12,0,0,21198,0.83,642,8920,9742,10744,6,60,0.425,37.33,0.181,0.904,0.741,12235,12392,8806,480,120.71,0.146,0.416,0.713,119.29,0.003,0.0884
battery-n800,800,factorial,floor10000-tmax,spatial_term,actual,10000,tmax,0,3,10000,,0,False,0.0,35.4,,,,,2,1,per-start,120,12,0,0,22179,0.714,937,7686,10216,10772,5,66,0.456,58.83,0.188,0.912,0.741,13216,12392,9787,840,120.72,0.147,0.415,0.724,119.278,0.003,0.1055
battery-n800,800,factorial,floor10000-tmax,spatial_term,actual,10000,tmax,0,3,10000,,0,False,0.0,35.4,,,,,3,1,per-start,120,12,0,0,21389,0.685,1082,7375,10056,10771,6,44,0.309,54.5,0.182,0.906,0.741,12426,12392,8997,3240,120.71,0.148,0.419,0.718,119.284,0.003,0.0783
battery-n800,800,factorial,floor2000-mid,spatial_term,actual,2000,midpoint,0,3,10000,,0,False,0.0,35.4,,,,,1,1,per-start,120,12,0,0,19259,0.839,542,8999,9417,10730,24,19,0.522,52.25,0.167,0.889,0.741,10296,12392,6867,480,120.75,0.15,0.44,0.736,119.267,0.003,0.005
battery-n800,800,factorial,floor2000-mid,spatial_term,actual,2000,midpoint,0,3,10000,,0,False,0.0,35.4,,,,,2,1,per-start,120,12,0,0,20036,0.834,527,8970,9634,10750,50,29,0.321,55.33,0.173,0.895,0.741,11073,12392,7644,1440,120.7,0.148,0.412,0.714,119.289,0.003,0.0025
battery-n800,800,factorial,floor2000-mid,spatial_term,actual,2000,midpoint,0,3,10000,,0,False,0.0,35.4,,,,,3,1,per-start,120,12,0,0,19764,0.86,534,8957,9675,10418,14,18,0.381,61.58,0.171,0.893,0.741,10801,12392,7372,480,120.72,0.147,0.414,0.742,119.26,0.003,0.0063
battery-n800,800,factorial,floor2000-tmax,spatial_term,actual,2000,tmax,0,3,10000,,0,False,0.0,35.4,,,,,1,1,per-start,120,12,0,0,21198,0.83,642,8920,9742,10744,6,60,0.425,37.33,0.181,0.904,0.741,12235,12392,8806,480,120.74,0.147,0.424,0.735,119.268,0.004,0.0884
battery-n800,800,factorial,floor2000-tmax,spatial_term,actual,2000,tmax,0,3,10000,,0,False,0.0,35.4,,,,,2,1,per-start,120,12,0,0,22306,0.668,902,7177,10116,10740,5,67,0.392,74.67,0.189,0.913,0.741,13343,12392,9914,1440,120.72,0.16,0.419,0.771,119.231,0.003,0.1087
battery-n800,800,factorial,floor2000-tmax,spatial_term,actual,2000,tmax,0,3,10000,,0,False,0.0,35.4,,,,,3,1,per-start,120,12,0,0,21389,0.685,1082,7375,10056,10771,6,44,0.309,54.5,0.182,0.906,0.741,12426,12392,8997,3240,120.74,0.147,0.433,0.773,119.23,0.003,0.0783
battery-n800,800,factorial,floor500-mid,spatial_term,actual,500,midpoint,0,3,10000,,0,False,0.0,35.4,,,,,1,1,per-start,120,12,0,0,19259,0.839,542,8999,9417,10730,24,19,0.522,52.25,0.167,0.889,0.741,10296,12392,6867,480,120.7,0.145,0.41,0.72,119.283,0.003,0.005
battery-n800,800,factorial,floor500-mid,spatial_term,actual,500,midpoint,0,3,10000,,0,False,0.0,35.4,,,,,2,1,per-start,120,12,0,0,20041,0.834,555,8970,9634,10750,49,29,0.321,55.33,0.173,0.895,0.741,11078,12392,7649,1560,120.74,0.147,0.427,0.727,119.276,0.003,0.0032
battery-n800,800,factorial,floor500-mid,spatial_term,actual,500,midpoint,0,3,10000,,0,False,0.0,35.4,,,,,3,1,per-start,120,12,0,0,19764,0.86,534,8957,9675,10418,14,18,0.381,61.58,0.171,0.893,0.741,10801,12392,7372,480,120.71,0.144,0.414,0.737,119.265,0.003,0.0063
battery-n800,800,factorial,floor500-tmax,spatial_term,actual,500,tmax,0,3,10000,,0,False,0.0,35.4,,,,,1,1,per-start,120,12,0,0,21198,0.83,642,8920,9742,10744,6,60,0.425,37.33,0.181,0.904,0.741,12235,12392,8806,480,120.72,0.148,0.412,0.729,119.272,0.003,0.0884
battery-n800,800,factorial,floor500-tmax,spatial_term,actual,500,tmax,0,3,10000,,0,False,0.0,35.4,,,,,2,1,per-start,120,12,0,0,22175,0.727,926,7828,10216,10772,7,66,0.456,58.58,0.188,0.912,0.741,13212,12392,9783,720,120.71,0.147,0.419,0.718,119.284,0.003,0.1066
battery-n800,800,factorial,floor500-tmax,spatial_term,actual,500,tmax,0,3,10000,,0,False,0.0,35.4,,,,,3,1,per-start,120,12,0,0,21389,0.685,1082,7375,10056,10771,6,44,0.309,54.5,0.182,0.906,0.741,12426,12392,8997,3240,120.73,0.146,0.418,0.724,119.279,0.003,0.0783
battery-n800,800,factorial,floor100-mid,spatial_term,actual,100,midpoint,0,3,10000,,0,False,0.0,35.4,,,,,1,1,per-start,120,14,0,0,29817,0.748,678,7359,9070,9838,91,63,0.472,107.57,0.237,0.832,0.635,20877,12208,17609,9121,120.75,0.155,0.417,0.724,119.283,0.003,0.1205
battery-n800,800,factorial,floor100-mid,spatial_term,actual,100,midpoint,0,3,10000,,0,False,0.0,35.4,,,,,2,1,per-start,120,13,0,0,26965,0.871,443,8836,9345,10149,88,42,0.52,100.54,0.219,0.876,0.684,18014,12300,14665,5880,120.72,0.147,0.419,0.726,119.278,0.003,0.1424
battery-n800,800,factorial,floor100-mid,spatial_term,actual,100,midpoint,0,3,10000,,0,False,0.0,35.4,,,,,3,1,per-start,120,14,0,0,31150,0.831,388,8426,8996,10142,100,54,0.673,146.29,0.245,0.841,0.635,22210,12208,18942,8400,120.73,0.147,0.41,0.723,119.278,0.003,0.1356
battery-n800,800,factorial,floor100-tmax,spatial_term,actual,100,tmax,0,3,10000,,0,False,0.0,35.4,,,,,1,1,per-start,120,12,0,0,21198,0.83,642,8920,9742,10744,6,60,0.425,37.33,0.181,0.904,0.741,12235,12392,8806,480,120.71,0.148,0.414,0.712,119.29,0.003,0.0884
battery-n800,800,factorial,floor100-tmax,spatial_term,actual,100,tmax,0,3,10000,,0,False,0.0,35.4,,,,,2,1,per-start,120,12,0,0,22126,0.727,925,7828,10216,10772,7,66,0.456,58.58,0.187,0.911,0.741,13163,12392,9734,720,120.72,0.147,0.413,0.722,119.28,0.003,0.1064
battery-n800,800,factorial,floor100-tmax,spatial_term,actual,100,tmax,0,3,10000,,0,False,0.0,35.4,,,,,3,1,per-start,120,12,0,0,21776,0.679,1109,7270,10146,10706,9,53,0.278,50.92,0.185,0.909,0.741,12813,12392,9384,3360,120.71,0.145,0.413,0.73,119.271,0.003,0.1039
battery-n1000,1000,factorial,floor10000-mid,spatial_term,actual,10000,midpoint,0,3,10000,,0,False,0.0,34.7,,,,,1,1,per-start,120,15,0,0,27894,0.837,635,8971,10019,10722,57,45,0.552,126.73,0.189,0.913,0.741,16942,15438,12456,1080,121.06,0.227,0.644,1.12,118.884,0.005,0.0166
battery-n1000,1000,factorial,floor10000-mid,spatial_term,actual,10000,midpoint,0,3,10000,,0,False,0.0,34.7,,,,,2,1,per-start,120,15,0,0,27699,0.835,680,8989,9512,10767,72,50,0.612,90.93,0.188,0.912,0.741,16747,15438,12261,1200,121.16,0.234,0.651,1.148,118.911,0.004,0.0195
battery-n1000,1000,factorial,floor10000-mid,spatial_term,actual,10000,midpoint,0,3,10000,,0,False,0.0,34.7,,,,,3,1,per-start,120,15,0,0,27575,0.84,509,8969,9864,10681,62,46,0.418,74.93,0.187,0.911,0.741,16623,15438,12137,1561,121.09,0.231,0.652,1.145,118.86,0.004,0.0212
battery-n1000,1000,factorial,floor10000-tmax,spatial_term,actual,10000,tmax,0,3,10000,,0,False,0.0,34.7,,,,,1,1,per-start,120,15,0,0,27419,0.738,771,7949,9844,10771,5,62,0.645,67.47,0.186,0.91,0.741,16467,15438,11981,960,121.06,0.232,0.646,1.131,118.873,0.004,0.0871
battery-n1000,1000,factorial,floor10000-tmax,spatial_term,actual,10000,tmax,0,3,10000,,0,False,0.0,34.7,,,,,2,1,per-start,120,14,0,0,28097,0.933,218,10038,10667,10755,5,70,0.56,97.71,0.19,0.98,0.794,17134,15529,12568,0,121.09,0.231,0.662,1.091,118.913,0.004,0.0833
battery-n1000,1000,factorial,floor10000-tmax,spatial_term,actual,10000,tmax,0,3,10000,,0,False,0.0,34.7,,,,,3,1,per-start,120,15,0,0,27680,0.735,956,7894,10137,10736,6,85,0.652,42.2,0.187,0.912,0.741,16728,15438,12242,2520,121.08,0.227,0.648,1.112,118.892,0.004,0.0855
battery-n1000,1000,factorial,floor2000-mid,spatial_term,actual,2000,midpoint,0,3,10000,,0,False,0.0,34.7,,,,,1,1,per-start,120,15,0,0,27894,0.837,635,8971,10019,10722,57,45,0.552,126.73,0.189,0.913,0.741,16942,15438,12456,1080,121.09,0.23,0.645,1.107,118.897,0.004,0.0166
battery-n1000,1000,factorial,floor2000-mid,spatial_term,actual,2000,midpoint,0,3,10000,,0,False,0.0,34.7,,,,,2,1,per-start,120,15,0,0,27441,0.841,523,9053,9739,10767,86,50,0.624,88.47,0.186,0.91,0.741,16489,15438,12003,720,121.06,0.228,0.648,1.123,118.881,0.004,0.029
battery-n1000,1000,factorial,floor2000-mid,spatial_term,actual,2000,midpoint,0,3,10000,,0,False,0.0,34.7,,,,,3,1,per-start,120,15,0,0,27575,0.84,509,8969,9864,10681,62,46,0.418,74.93,0.187,0.911,0.741,16623,15438,12137,1561,121.07,0.23,0.639,1.103,118.901,0.004,0.0212
battery-n1000,1000,factorial,floor2000-tmax,spatial_term,actual,2000,tmax,0,3,10000,,0,False,0.0,34.7,,,,,1,1,per-start,120,15,0,0,27419,0.738,771,7949,9844,10771,5,62,0.645,67.47,0.186,0.91,0.741,16467,15438,11981,960,121.08,0.23,0.643,1.092,118.924,0.004,0.0871
battery-n1000,1000,factorial,floor2000-tmax,spatial_term,actual,2000,tmax,0,3,10000,,0,False,0.0,34.7,,,,,2,1,per-start,120,14,0,0,28097,0.933,218,10038,10667,10755,5,70,0.56,97.71,0.19,0.98,0.794,17134,15529,12568,0,121.12,0.229,0.651,1.095,118.968,0.004,0.0833
battery-n1000,1000,factorial,floor2000-tmax,spatial_term,actual,2000,tmax,0,3,10000,,0,False,0.0,34.7,,,,,3,1,per-start,120,15,0,0,27680,0.735,956,7894,10137,10736,6,85,0.652,42.2,0.187,0.912,0.741,16728,15438,12242,2520,121.07,0.23,0.643,1.096,118.907,0.004,0.0855
battery-n1000,1000,factorial,floor500-mid,spatial_term,actual,500,midpoint,0,3,10000,,0,False,0.0,34.7,,,,,1,1,per-start,120,15,0,0,27894,0.837,635,8971,10019,10722,57,45,0.552,126.73,0.189,0.913,0.741,16942,15438,12456,1080,121.08,0.226,0.648,1.097,118.907,0.004,0.0166
battery-n1000,1000,factorial,floor500-mid,spatial_term,actual,500,midpoint,0,3,10000,,0,False,0.0,34.7,,,,,2,1,per-start,120,15,0,0,27441,0.841,523,9053,9739,10767,86,50,0.624,88.47,0.186,0.91,0.741,16489,15438,12003,720,121.1,0.228,0.671,1.109,118.896,0.004,0.029
battery-n1000,1000,factorial,floor500-mid,spatial_term,actual,500,midpoint,0,3,10000,,0,False,0.0,34.7,,,,,3,1,per-start,120,15,0,0,27567,0.84,520,8969,9864,10681,68,46,0.4,50.87,0.187,0.911,0.741,16615,15438,12129,2041,121.06,0.229,0.65,1.088,118.915,0.004,0.0222
battery-n1000,1000,factorial,floor500-tmax,spatial_term,actual,500,tmax,0,3,10000,,0,False,0.0,34.7,,,,,1,1,per-start,120,15,0,0,27419,0.738,771,7949,9844,10771,5,62,0.645,67.47,0.186,0.91,0.741,16467,15438,11981,960,121.08,0.23,0.654,1.106,118.897,0.004,0.0871
battery-n1000,1000,factorial,floor500-tmax,spatial_term,actual,500,tmax,0,3,10000,,0,False,0.0,34.7,,,,,2,1,per-start,120,14,0,0,28097,0.933,218,10038,10667,10755,5,70,0.56,97.71,0.19,0.98,0.794,17134,15529,12568,0,121.07,0.231,0.645,1.129,118.875,0.004,0.0833
battery-n1000,1000,factorial,floor500-tmax,spatial_term,actual,500,tmax,0,3,10000,,0,False,0.0,34.7,,,,,3,1,per-start,120,15,0,0,27680,0.735,956,7894,10137,10736,6,85,0.652,42.2,0.187,0.912,0.741,16728,15438,12242,2520,121.05,0.228,0.658,1.107,118.88,0.004,0.0855
battery-n1000,1000,factorial,floor100-mid,spatial_term,actual,100,midpoint,0,3,10000,,0,False,0.0,34.7,,,,,1,1,per-start,120,15,0,0,27894,0.837,635,8971,10019,10722,57,45,0.552,126.73,0.189,0.913,0.741,16942,15438,12456,1080,121.1,0.228,0.669,1.133,118.869,0.004,0.0166
battery-n1000,1000,factorial,floor100-mid,spatial_term,actual,100,midpoint,0,3,10000,,0,False,0.0,34.7,,,,,2,1,per-start,120,16,0,0,29338,0.416,1368,4457,9500,10724,79,48,0.637,103.81,0.196,0.864,0.694,18397,15350,13988,7081,121.08,0.228,0.644,1.105,118.901,0.004,0.0298
battery-n1000,1000,factorial,floor100-mid,spatial_term,actual,100,midpoint,0,3,10000,,0,False,0.0,34.7,,,,,3,1,per-start,120,16,0,0,29832,0.479,1219,5133,9516,10709,63,49,0.332,108.19,0.199,0.867,0.694,18891,15350,14482,7080,121.08,0.23,0.647,1.119,118.884,0.004,0.0318
battery-n1000,1000,factorial,floor100-tmax,spatial_term,actual,100,tmax,0,3,10000,,0,False,0.0,34.7,,,,,1,1,per-start,120,15,0,0,27419,0.738,771,7949,9844,10771,5,62,0.645,67.47,0.186,0.91,0.741,16467,15438,11981,960,121.06,0.229,0.652,1.105,118.899,0.004,0.0871
battery-n1000,1000,factorial,floor100-tmax,spatial_term,actual,100,tmax,0,3,10000,,0,False,0.0,34.7,,,,,2,1,per-start,120,14,0,0,28097,0.933,218,10038,10667,10755,5,70,0.56,97.71,0.19,0.98,0.794,17134,15529,12568,0,121.22,0.225,0.648,1.089,119.065,0.004,0.0833
battery-n1000,1000,factorial,floor100-tmax,spatial_term,actual,100,tmax,0,3,10000,,0,False,0.0,34.7,,,,,3,1,per-start,120,15,0,0,27680,0.735,956,7894,10137,10736,6,85,0.652,42.2,0.187,0.912,0.741,16728,15438,12242,2520,121.09,0.231,0.659,1.098,118.906,0.004,0.0855
battery-sparse-n250,250,factorial,floor10000-mid,spatial_term,actual,10000,midpoint,0,3,10000,,0,False,0.0,85.8,,,,,1,1,per-start,120,6,0,0,16513,0.849,555,7248,7477,8540,2,5,0.417,17.67,0.355,0.718,0.463,8137,10927,5586,13200,120.11,0.015,0.04,0.086,119.915,0.001,0.0637
battery-sparse-n250,250,factorial,floor10000-mid,spatial_term,actual,10000,midpoint,0,3,10000,,0,False,0.0,85.8,,,,,2,1,per-start,120,6,0,0,15498,0.848,540,7196,7212,8486,1,6,0.316,8.5,0.341,0.702,0.463,7122,10927,4571,13200,120.0,0.014,0.039,0.085,119.81,0.001,0.0538
battery-sparse-n250,250,factorial,floor10000-mid,spatial_term,actual,10000,midpoint,0,3,10000,,0,False,0.0,85.8,,,,,3,1,per-start,120,6,0,0,16155,0.834,497,7274,7448,8718,0,8,0.293,23.33,0.35,0.712,0.463,7779,10927,5228,13200,120.11,0.014,0.039,0.086,119.914,0.001,0.0444
battery-sparse-n250,250,factorial,floor10000-tmax,spatial_term,actual,10000,tmax,0,3,10000,,0,False,0.0,85.8,,,,,1,1,per-start,120,5,0,0,16250,0.742,1167,7927,8891,10680,0,4,0.211,25.4,0.351,0.857,0.556,7840,11132,5118,6240,120.1,0.014,0.039,0.086,119.914,0.001,0.0501
battery-sparse-n250,250,factorial,floor10000-tmax,spatial_term,actual,10000,tmax,0,3,10000,,0,False,0.0,85.8,,,,,2,1,per-start,120,5,0,0,15826,0.69,1416,7331,9749,10625,2,6,0.079,6.0,0.345,0.849,0.556,7416,11132,4694,6000,120.12,0.015,0.039,0.085,119.915,0.001,0.0482
battery-sparse-n250,250,factorial,floor10000-tmax,spatial_term,actual,10000,tmax,0,3,10000,,0,False,0.0,85.8,,,,,3,1,per-start,120,5,0,0,16493,0.694,1416,7444,10249,10720,3,7,0.169,10.4,0.355,0.861,0.556,8083,11132,5361,6000,120.1,0.015,0.04,0.084,119.915,0.001,0.0744
battery-sparse-n250,250,factorial,floor2000-mid,spatial_term,actual,2000,midpoint,0,3,10000,,0,False,0.0,85.8,,,,,1,1,per-start,120,6,0,0,16513,0.849,555,7248,7477,8540,2,5,0.417,17.67,0.355,0.718,0.463,8137,10927,5586,13200,120.11,0.015,0.039,0.085,119.915,0.001,0.0637
battery-sparse-n250,250,factorial,floor2000-mid,spatial_term,actual,2000,midpoint,0,3,10000,,0,False,0.0,85.8,,,,,2,1,per-start,120,6,0,0,15498,0.848,540,7196,7212,8486,1,6,0.316,8.5,0.341,0.702,0.463,7122,10927,4571,13200,120.11,0.014,0.039,0.085,119.915,0.001,0.0538
battery-sparse-n250,250,factorial,floor2000-mid,spatial_term,actual,2000,midpoint,0,3,10000,,0,False,0.0,85.8,,,,,3,1,per-start,120,6,0,0,16073,0.843,437,7276,7533,8629,2,6,0.126,15.5,0.349,0.711,0.463,7697,10927,5146,13200,120.11,0.014,0.04,0.086,119.914,0.001,0.0438
battery-sparse-n250,250,factorial,floor2000-tmax,spatial_term,actual,2000,tmax,0,3,10000,,0,False,0.0,85.8,,,,,1,1,per-start,120,5,0,0,16250,0.742,1167,7927,8891,10680,0,4,0.211,25.4,0.351,0.857,0.556,7840,11132,5118,6240,120.11,0.016,0.04,0.086,119.919,0.001,0.0501
battery-sparse-n250,250,factorial,floor2000-tmax,spatial_term,actual,2000,tmax,0,3,10000,,0,False,0.0,85.8,,,,,2,1,per-start,120,5,0,0,15826,0.69,1416,7331,9749,10625,2,6,0.079,6.0,0.345,0.849,0.556,7416,11132,4694,6000,120.12,0.015,0.039,0.086,119.914,0.001,0.0482
battery-sparse-n250,250,factorial,floor2000-tmax,spatial_term,actual,2000,tmax,0,3,10000,,0,False,0.0,85.8,,,,,3,1,per-start,120,5,0,0,16493,0.694,1416,7444,10249,10720,3,7,0.169,10.4,0.355,0.861,0.556,8083,11132,5361,6000,120.1,0.014,0.04,0.086,119.914,0.001,0.0744
battery-sparse-n250,250,factorial,floor500-mid,spatial_term,actual,500,midpoint,0,3,10000,,0,False,0.0,85.8,,,,,1,1,per-start,120,6,0,0,15824,0.88,333,7204,7576,8189,0,4,0.301,17.83,0.345,0.707,0.463,7448,10927,4897,13200,120.11,0.014,0.04,0.085,119.914,0.001,0.0498
battery-sparse-n250,250,factorial,floor500-mid,spatial_term,actual,500,midpoint,0,3,10000,,0,False,0.0,85.8,,,,,2,1,per-start,120,6,0,0,16050,0.843,452,7195,7522,8533,2,7,0.184,5.33,0.349,0.711,0.463,7674,10927,5123,13200,120.11,0.015,0.04,0.084,119.915,0.001,0.0532
battery-sparse-n250,250,factorial,floor500-mid,spatial_term,actual,500,midpoint,0,3,10000,,0,False,0.0,85.8,,,,,3,1,per-start,120,6,0,0,16279,0.89,309,7245,7656,8137,0,5,0.357,19.17,0.352,0.714,0.463,7903,10927,5352,13200,120.11,0.015,0.04,0.086,119.917,0.001,0.0534
battery-sparse-n250,250,factorial,floor500-tmax,spatial_term,actual,500,tmax,0,3,10000,,0,False,0.0,85.8,,,,,1,1,per-start,120,5,0,0,16250,0.742,1167,7927,8891,10680,0,4,0.211,25.4,0.351,0.857,0.556,7840,11132,5118,6240,120.1,0.015,0.04,0.086,119.913,0.001,0.0501
battery-sparse-n250,250,factorial,floor500-tmax,spatial_term,actual,500,tmax,0,3,10000,,0,False,0.0,85.8,,,,,2,1,per-start,120,5,0,0,15826,0.69,1416,7331,9749,10625,2,6,0.079,6.0,0.345,0.849,0.556,7416,11132,4694,6000,120.12,0.014,0.04,0.087,119.913,0.001,0.0482
battery-sparse-n250,250,factorial,floor500-tmax,spatial_term,actual,500,tmax,0,3,10000,,0,False,0.0,85.8,,,,,3,1,per-start,120,5,0,0,16493,0.694,1416,7444,10249,10720,3,7,0.169,10.4,0.355,0.861,0.556,8083,11132,5361,6000,120.13,0.014,0.04,0.085,119.944,0.001,0.0744
battery-sparse-n250,250,factorial,floor100-mid,spatial_term,actual,100,midpoint,0,3,10000,,0,False,0.0,85.8,,,,,1,1,per-start,120,6,0,0,16066,0.826,558,7187,7496,8696,2,7,0.417,13.5,0.349,0.711,0.463,7690,10927,5139,13200,120.11,0.015,0.039,0.084,119.917,0.001,0.0569
battery-sparse-n250,250,factorial,floor100-mid,spatial_term,actual,100,midpoint,0,3,10000,,0,False,0.0,85.8,,,,,2,1,per-start,120,6,0,0,15656,0.914,263,7302,7614,7986,0,5,0.113,4.83,0.343,0.705,0.463,7280,10927,4729,13200,120.11,0.014,0.04,0.088,119.912,0.001,0.0549
battery-sparse-n250,250,factorial,floor100-mid,spatial_term,actual,100,midpoint,0,3,10000,,0,False,0.0,85.8,,,,,3,1,per-start,120,6,0,0,16026,0.862,505,7257,7368,8416,0,7,0.241,17.83,0.348,0.71,0.463,7650,10927,5099,13200,120.11,0.015,0.04,0.086,119.913,0.001,0.0457
battery-sparse-n250,250,factorial,floor100-tmax,spatial_term,actual,100,tmax,0,3,10000,,0,False,0.0,85.8,,,,,1,1,per-start,120,5,0,0,16216,0.695,1361,7467,10048,10746,1,6,0.278,34.0,0.351,0.856,0.556,7806,11132,5084,6120,120.1,0.014,0.04,0.085,119.915,0.001,0.0406
battery-sparse-n250,250,factorial,floor100-tmax,spatial_term,actual,100,tmax,0,3,10000,,0,False,0.0,85.8,,,,,2,1,per-start,120,5,0,0,15826,0.69,1416,7331,9749,10625,2,6,0.079,6.0,0.345,0.849,0.556,7416,11132,4694,6000,120.12,0.015,0.04,0.089,119.911,0.001,0.0482
battery-sparse-n250,250,factorial,floor100-tmax,spatial_term,actual,100,tmax,0,3,10000,,0,False,0.0,85.8,,,,,3,1,per-start,120,5,0,0,15105,0.812,730,7958,9454,9799,1,11,0.064,4.4,0.335,0.835,0.556,6695,11132,3973,6001,120.1,0.015,0.04,0.084,119.916,0.001,0.0464
battery-sparse-n500,500,factorial,floor10000-mid,spatial_term,actual,10000,midpoint,0,3,10000,,0,False,0.0,56.9,,,,,1,1,per-start,120,8,0,0,18842,0.849,601,9079,9867,10697,11,4,0.425,43.38,0.239,0.912,0.694,9380,13517,5325,1200,120.35,0.058,0.165,0.305,119.735,0.002,0.0
battery-sparse-n500,500,factorial,floor10000-mid,spatial_term,actual,10000,midpoint,0,3,10000,,0,False,0.0,56.9,,,,,2,1,per-start,120,9,0,0,21861,0.904,289,8957,8984,9908,11,8,0.574,74.89,0.267,0.842,0.617,12419,13401,8460,5640,120.32,0.057,0.163,0.307,119.699,0.002,0.0071
battery-sparse-n500,500,factorial,floor10000-mid,spatial_term,actual,10000,midpoint,0,3,10000,,0,False,0.0,56.9,,,,,3,1,per-start,120,9,0,0,21509,0.974,63,8964,9038,9206,14,7,0.706,95.67,0.264,0.839,0.617,12067,13401,8108,4920,120.33,0.057,0.161,0.297,119.706,0.002,0.0014
battery-sparse-n500,500,factorial,floor10000-tmax,spatial_term,actual,10000,tmax,0,3,10000,,0,False,0.0,56.9,,,,,1,1,per-start,120,8,0,0,20598,0.899,393,9427,10099,10489,1,12,0.256,34.25,0.256,0.933,0.694,11136,13517,7081,600,120.33,0.056,0.162,0.301,119.726,0.002,0.0696
battery-sparse-n500,500,factorial,floor10000-tmax,spatial_term,actual,10000,tmax,0,3,10000,,0,False,0.0,56.9,,,,,2,1,per-start,120,8,0,0,20828,0.823,738,8823,10466,10720,5,9,0.133,21.5,0.258,0.935,0.694,11366,13517,7311,1680,120.33,0.058,0.16,0.298,119.703,0.002,0.0591
battery-sparse-n500,500,factorial,floor10000-tmax,spatial_term,actual,10000,tmax,0,3,10000,,0,False,0.0,56.9,,,,,3,1,per-start,120,8,0,0,21734,0.7,1034,7499,10627,10715,4,23,0.425,34.62,0.266,0.946,0.694,12272,13517,8217,1920,120.31,0.058,0.16,0.298,119.704,0.002,0.0629
battery-sparse-n500,500,factorial,floor2000-mid,spatial_term,actual,2000,midpoint,0,3,10000,,0,False,0.0,56.9,,,,,1,1,per-start,120,8,0,0,18842,0.849,601,9079,9867,10697,11,4,0.425,43.38,0.239,0.912,0.694,9380,13517,5325,1200,120.34,0.056,0.163,0.298,119.705,0.004,0.0
battery-sparse-n500,500,factorial,floor2000-mid,spatial_term,actual,2000,midpoint,0,3,10000,,0,False,0.0,56.9,,,,,2,1,per-start,120,9,0,0,21861,0.904,289,8957,8984,9908,11,8,0.574,74.89,0.267,0.842,0.617,12419,13401,8460,5640,120.35,0.062,0.161,0.297,119.704,0.002,0.0071
battery-sparse-n500,500,factorial,floor2000-mid,spatial_term,actual,2000,midpoint,0,3,10000,,0,False,0.0,56.9,,,,,3,1,per-start,120,9,0,0,21509,0.974,63,8964,9038,9206,14,7,0.706,95.67,0.264,0.839,0.617,12067,13401,8108,4920,120.31,0.057,0.161,0.301,119.7,0.002,0.0014
battery-sparse-n500,500,factorial,floor2000-tmax,spatial_term,actual,2000,tmax,0,3,10000,,0,False,0.0,56.9,,,,,1,1,per-start,120,8,0,0,20598,0.899,393,9427,10099,10489,1,12,0.256,34.25,0.256,0.933,0.694,11136,13517,7081,600,120.44,0.057,0.161,0.303,119.82,0.002,0.0696
battery-sparse-n500,500,factorial,floor2000-tmax,spatial_term,actual,2000,tmax,0,3,10000,,0,False,0.0,56.9,,,,,2,1,per-start,120,8,0,0,20828,0.823,738,8823,10466,10720,5,9,0.133,21.5,0.258,0.935,0.694,11366,13517,7311,1680,120.33,0.057,0.163,0.302,119.699,0.002,0.0591
battery-sparse-n500,500,factorial,floor2000-tmax,spatial_term,actual,2000,tmax,0,3,10000,,0,False,0.0,56.9,,,,,3,1,per-start,120,8,0,0,21734,0.7,1034,7499,10627,10715,4,23,0.425,34.62,0.266,0.946,0.694,12272,13517,8217,1920,120.31,0.058,0.16,0.299,119.702,0.002,0.0629
battery-sparse-n500,500,factorial,floor500-mid,spatial_term,actual,500,midpoint,0,3,10000,,0,False,0.0,56.9,,,,,1,1,per-start,120,8,0,0,18842,0.849,601,9079,9867,10697,11,4,0.425,43.38,0.239,0.912,0.694,9380,13517,5325,1200,120.31,0.057,0.162,0.32,119.683,0.002,0.0
battery-sparse-n500,500,factorial,floor500-mid,spatial_term,actual,500,midpoint,0,3,10000,,0,False,0.0,56.9,,,,,2,1,per-start,120,9,0,0,21861,0.904,289,8957,8984,9908,11,8,0.574,74.89,0.267,0.842,0.617,12419,13401,8460,5640,120.33,0.057,0.16,0.299,119.702,0.002,0.0071
battery-sparse-n500,500,factorial,floor500-mid,spatial_term,actual,500,midpoint,0,3,10000,,0,False,0.0,56.9,,,,,3,1,per-start,120,9,0,0,21509,0.974,63,8964,9038,9206,14,7,0.706,95.67,0.264,0.839,0.617,12067,13401,8108,4920,120.32,0.057,0.164,0.311,119.69,0.002,0.0014
battery-sparse-n500,500,factorial,floor500-tmax,spatial_term,actual,500,tmax,0,3,10000,,0,False,0.0,56.9,,,,,1,1,per-start,120,8,0,0,20598,0.899,393,9427,10099,10489,1,12,0.256,34.25,0.256,0.933,0.694,11136,13517,7081,600,120.31,0.056,0.162,0.298,119.703,0.002,0.0696
battery-sparse-n500,500,factorial,floor500-tmax,spatial_term,actual,500,tmax,0,3,10000,,0,False,0.0,56.9,,,,,2,1,per-start,120,8,0,0,20828,0.823,738,8823,10466,10720,5,9,0.133,21.5,0.258,0.935,0.694,11366,13517,7311,1680,120.33,0.057,0.164,0.302,119.699,0.002,0.0591
battery-sparse-n500,500,factorial,floor500-tmax,spatial_term,actual,500,tmax,0,3,10000,,0,False,0.0,56.9,,,,,3,1,per-start,120,8,0,0,21666,0.742,874,7909,10562,10655,5,20,0.247,28.25,0.265,0.945,0.694,12204,13517,8149,1560,120.34,0.09,0.159,0.315,119.686,0.002,0.0722
battery-sparse-n500,500,factorial,floor100-mid,spatial_term,actual,100,midpoint,0,3,10000,,0,False,0.0,56.9,,,,,1,1,per-start,120,10,0,0,21086,0.824,582,7273,8270,8831,2,13,0.404,35.3,0.26,0.751,0.556,11663,13285,7801,12001,120.31,0.057,0.162,0.306,119.696,0.002,0.0562
battery-sparse-n500,500,factorial,floor100-mid,spatial_term,actual,100,midpoint,0,3,10000,,0,False,0.0,56.9,,,,,2,1,per-start,120,9,0,0,20832,0.99,26,8966,8974,9053,6,12,0.447,44.78,0.258,0.832,0.617,11390,13401,7431,4921,120.34,0.056,0.164,0.306,119.696,0.002,0.0137
battery-sparse-n500,500,factorial,floor100-mid,spatial_term,actual,100,midpoint,0,3,10000,,0,False,0.0,56.9,,,,,3,1,per-start,120,9,0,0,21509,0.974,63,8964,9038,9206,14,7,0.706,95.67,0.264,0.839,0.617,12067,13401,8108,4920,120.31,0.058,0.161,0.297,119.703,0.002,0.0014
battery-sparse-n500,500,factorial,floor100-tmax,spatial_term,actual,100,tmax,0,3,10000,,0,False,0.0,56.9,,,,,1,1,per-start,120,8,0,0,20598,0.899,393,9427,10099,10489,1,12,0.256,34.25,0.256,0.933,0.694,11136,13517,7081,600,120.31,0.056,0.162,0.3,119.705,0.002,0.0696
battery-sparse-n500,500,factorial,floor100-tmax,spatial_term,actual,100,tmax,0,3,10000,,0,False,0.0,56.9,,,,,2,1,per-start,120,8,0,0,20828,0.823,738,8823,10466,10720,5,9,0.133,21.5,0.258,0.935,0.694,11366,13517,7311,1680,120.31,0.056,0.161,0.322,119.678,0.002,0.0591
battery-sparse-n500,500,factorial,floor100-tmax,spatial_term,actual,100,tmax,0,3,10000,,0,False,0.0,56.9,,,,,3,1,per-start,120,8,0,0,21615,0.769,768,8195,10432,10653,3,22,0.272,29.5,0.265,0.945,0.694,12153,13517,8098,1200,120.31,0.057,0.161,0.309,119.692,0.002,0.0604
area-26-n157,157,factorial,floor10000-mid,spatial_term,actual,10000,midpoint,0,3,10000,,0,False,0.0,48.1,,,,,1,1,per-start,120,3,0,0,5193,0.913,307,7594,8117,8322,0,8,0.228,13.67,0.216,0.742,0.581,2810,3618,1575,2760,120.06,0.006,0.016,0.042,119.962,0.001,0.0374
area-26-n157,157,factorial,floor10000-mid,spatial_term,actual,10000,midpoint,0,3,10000,,0,False,0.0,48.1,,,,,2,1,per-start,120,3,0,0,4768,0.803,767,7175,7494,8939,0,10,0.114,5.67,0.202,0.729,0.581,2385,3618,1150,2760,120.12,0.006,0.017,0.042,120.021,0.001,0.0643
area-26-n157,157,factorial,floor10000-mid,spatial_term,actual,10000,midpoint,0,3,10000,,0,False,0.0,48.1,,,,,3,1,per-start,120,3,0,0,5214,0.875,441,7426,8143,8485,1,8,0.044,6.67,0.217,0.743,0.581,2831,3618,1596,2760,120.09,0.006,0.016,0.041,119.974,0.001,0.0232
area-26-n157,157,factorial,floor10000-tmax,spatial_term,actual,10000,tmax,0,3,10000,,0,False,0.0,48.1,,,,,1,1,per-start,120,3,0,0,4712,0.802,783,7178,7426,8948,0,18,0.034,3.67,0.2,0.727,0.581,2329,3618,1094,2760,120.06,0.006,0.016,0.041,119.96,0.001,0.0895
area-26-n157,157,factorial,floor10000-tmax,spatial_term,actual,10000,tmax,0,3,10000,,0,False,0.0,48.1,,,,,2,1,per-start,120,3,0,0,4513,0.861,476,7175,7840,8338,3,7,0.048,4.0,0.193,0.721,0.581,2130,3618,895,2760,120.06,0.006,0.017,0.042,119.959,0.001,0.0761
area-26-n157,157,factorial,floor10000-tmax,spatial_term,actual,10000,tmax,0,3,10000,,0,False,0.0,48.1,,,,,3,1,per-start,120,3,0,0,4871,0.924,295,7688,7702,8321,0,12,0.048,4.33,0.205,0.732,0.581,2488,3618,1253,2760,120.06,0.006,0.016,0.045,119.957,0.001,0.0328
area-26-n157,157,factorial,floor2000-mid,spatial_term,actual,2000,midpoint,0,3,10000,,0,False,0.0,48.1,,,,,1,1,per-start,120,3,0,0,5193,0.913,307,7594,8117,8322,0,8,0.228,13.67,0.216,0.742,0.581,2810,3618,1575,2760,120.06,0.006,0.016,0.041,119.96,0.001,0.0374
area-26-n157,157,factorial,floor2000-mid,spatial_term,actual,2000,midpoint,0,3,10000,,0,False,0.0,48.1,,,,,2,1,per-start,120,3,0,0,4768,0.803,767,7175,7494,8939,0,10,0.114,5.67,0.202,0.729,0.581,2385,3618,1150,2760,120.06,0.006,0.016,0.044,119.957,0.001,0.0643
area-26-n157,157,factorial,floor2000-mid,spatial_term,actual,2000,midpoint,0,3,10000,,0,False,0.0,48.1,,,,,3,1,per-start,120,3,0,0,5214,0.875,441,7426,8143,8485,1,8,0.044,6.67,0.217,0.743,0.581,2831,3618,1596,2760,120.06,0.006,0.016,0.043,119.959,0.001,0.0232
area-26-n157,157,factorial,floor2000-tmax,spatial_term,actual,2000,tmax,0,3,10000,,0,False,0.0,48.1,,,,,1,1,per-start,120,3,0,0,4712,0.802,783,7178,7426,8948,0,18,0.034,3.67,0.2,0.727,0.581,2329,3618,1094,2760,120.08,0.006,0.016,0.042,119.98,0.001,0.0895
area-26-n157,157,factorial,floor2000-tmax,spatial_term,actual,2000,tmax,0,3,10000,,0,False,0.0,48.1,,,,,2,1,per-start,120,3,0,0,4513,0.861,476,7175,7840,8338,3,7,0.048,4.0,0.193,0.721,0.581,2130,3618,895,2760,120.06,0.006,0.016,0.042,119.961,0.001,0.0761
area-26-n157,157,factorial,floor2000-tmax,spatial_term,actual,2000,tmax,0,3,10000,,0,False,0.0,48.1,,,,,3,1,per-start,120,3,0,0,4871,0.924,295,7688,7702,8321,0,12,0.048,4.33,0.205,0.732,0.581,2488,3618,1253,2760,120.06,0.006,0.016,0.042,119.959,0.001,0.0328
area-26-n157,157,factorial,floor500-mid,spatial_term,actual,500,midpoint,0,3,10000,,0,False,0.0,48.1,,,,,1,1,per-start,120,3,0,0,5017,0.856,551,7175,8301,8381,1,10,0.093,5.33,0.21,0.736,0.581,2634,3618,1399,2760,120.06,0.006,0.016,0.042,119.96,0.001,0.0819
area-26-n157,157,factorial,floor500-mid,spatial_term,actual,500,midpoint,0,3,10000,,0,False,0.0,48.1,,,,,2,1,per-start,120,3,0,0,4839,0.915,318,7444,8101,8134,0,6,0.11,4.0,0.204,0.731,0.581,2456,3618,1221,2760,120.06,0.006,0.017,0.042,119.96,0.001,0.0305
area-26-n157,157,factorial,floor500-mid,spatial_term,actual,500,midpoint,0,3,10000,,0,False,0.0,48.1,,,,,3,1,per-start,120,3,0,0,5214,0.875,441,7426,8143,8485,1,8,0.044,6.67,0.217,0.743,0.581,2831,3618,1596,2760,120.07,0.006,0.016,0.041,119.96,0.001,0.0232
area-26-n157,157,factorial,floor500-tmax,spatial_term,actual,500,tmax,0,3,10000,,0,False,0.0,48.1,,,,,1,1,per-start,120,3,0,0,4712,0.802,783,7178,7426,8948,0,18,0.034,3.67,0.2,0.727,0.581,2329,3618,1094,2760,120.06,0.006,0.017,0.042,119.959,0.001,0.0895
area-26-n157,157,factorial,floor500-tmax,spatial_term,actual,500,tmax,0,3,10000,,0,False,0.0,48.1,,,,,2,1,per-start,120,3,0,0,4513,0.861,476,7175,7840,8338,3,7,0.048,4.0,0.193,0.721,0.581,2130,3618,895,2760,120.06,0.006,0.017,0.042,119.96,0.001,0.0761
area-26-n157,157,factorial,floor500-tmax,spatial_term,actual,500,tmax,0,3,10000,,0,False,0.0,48.1,,,,,3,1,per-start,120,3,0,0,4871,0.924,295,7688,7702,8321,0,12,0.048,4.33,0.205,0.732,0.581,2488,3618,1253,2760,119.99,0.006,0.016,0.042,119.893,0.001,0.0328
area-26-n157,157,factorial,floor100-mid,spatial_term,actual,100,midpoint,0,3,10000,,0,False,0.0,48.1,,,,,1,1,per-start,120,3,0,0,5534,0.858,507,7500,8131,8743,0,10,0.276,23.0,0.227,0.752,0.581,3151,3618,1916,2760,120.06,0.006,0.016,0.042,119.958,0.001,0.054
area-26-n157,157,factorial,floor100-mid,spatial_term,actual,100,midpoint,0,3,10000,,0,False,0.0,48.1,,,,,2,1,per-start,120,3,0,0,4499,0.821,685,7176,7425,8738,0,14,0.034,3.67,0.193,0.72,0.581,2116,3618,881,2760,120.06,0.006,0.017,0.045,119.956,0.001,0.0696
area-26-n157,157,factorial,floor100-mid,spatial_term,actual,100,midpoint,0,3,10000,,0,False,0.0,48.1,,,,,3,1,per-start,120,3,0,0,5214,0.875,441,7426,8143,8485,1,8,0.044,6.67,0.217,0.743,0.581,2831,3618,1596,2760,120.08,0.006,0.016,0.042,119.982,0.001,0.0232
area-26-n157,157,factorial,floor100-tmax,spatial_term,actual,100,tmax,0,3,10000,,0,False,0.0,48.1,,,,,1,1,per-start,120,3,0,0,4712,0.802,783,7178,7426,8948,0,18,0.034,3.67,0.2,0.727,0.581,2329,3618,1094,2760,120.06,0.006,0.016,0.042,119.959,0.001,0.0895
area-26-n157,157,factorial,floor100-tmax,spatial_term,actual,100,tmax,0,3,10000,,0,False,0.0,48.1,,,,,2,1,per-start,120,3,0,0,4802,0.91,315,7444,8022,8176,1,10,0.047,5.0,0.203,0.73,0.581,2419,3618,1184,2760,120.06,0.006,0.016,0.043,119.958,0.001,0.0188
area-26-n157,157,factorial,floor100-tmax,spatial_term,actual,100,tmax,0,3,10000,,0,False,0.0,48.1,,,,,3,1,per-start,120,3,0,0,5015,0.787,870,7217,7465,9173,1,9,0.034,3.67,0.21,0.736,0.581,2632,3618,1397,2760,120.06,0.006,0.016,0.041,119.959,0.001,0.0899
area-27-n72,72,factorial,floor10000-mid,spatial_term,actual,10000,midpoint,0,3,10000,,0,False,0.0,29.8,,,,,1,1,per-start,120,2,0,0,5734,1.0,1,7186,7187,7188,4,20,0.752,26.5,0.399,0.665,0.4,5203,914,4820,5760,120.03,0.002,0.004,0.014,119.986,0.0,0.5136
area-27-n72,72,factorial,floor10000-mid,spatial_term,actual,10000,midpoint,0,3,10000,,0,False,0.0,29.8,,,,,2,1,per-start,120,2,0,0,5735,1.0,2,7186,7188,7189,5,10,0.54,22.0,0.399,0.665,0.4,5204,914,4821,5760,120.01,0.002,0.004,0.014,119.97,0.0,0.5833
area-27-n72,72,factorial,floor10000-mid,spatial_term,actual,10000,midpoint,0,3,10000,,0,False,0.0,29.8,,,,,3,1,per-start,120,2,0,0,5735,0.999,4,7184,7188,7191,11,8,0.407,15.5,0.399,0.665,0.4,5204,914,4821,5760,120.03,0.002,0.004,0.015,119.985,0.0,0.5986
area-27-n72,72,factorial,floor10000-tmax,spatial_term,actual,10000,tmax,0,3,10000,,0,False,0.0,29.8,,,,,1,1,per-start,120,2,0,0,5738,0.999,2,7187,7189,7191,8,13,0.327,6.0,0.399,0.665,0.4,5207,914,4824,5760,120.03,0.002,0.004,0.015,119.985,0.0,0.6193
area-27-n72,72,factorial,floor10000-tmax,spatial_term,actual,10000,tmax,0,3,10000,,0,False,0.0,29.8,,,,,2,1,per-start,120,1,0,0,1481,1.0,0,10121,10121,10121,0,3,0.0,0.0,0.146,0.937,0.8,942,1303,178,0,120.02,0.002,0.004,0.015,119.985,0.0,0.0379
area-27-n72,72,factorial,floor10000-tmax,spatial_term,actual,10000,tmax,0,3,10000,,0,False,0.0,29.8,,,,,3,1,per-start,120,1,0,0,1481,1.0,0,10121,10121,10121,0,2,0.0,0.0,0.146,0.937,0.8,942,1303,178,0,120.02,0.002,0.004,0.014,119.985,0.0,0.0169
area-27-n72,72,factorial,floor2000-mid,spatial_term,actual,2000,midpoint,0,3,10000,,0,False,0.0,29.8,,,,,1,1,per-start,120,2,0,0,5744,1.0,1,7191,7192,7193,9,13,0.523,21.5,0.399,0.666,0.4,5213,914,4830,5760,120.03,0.002,0.004,0.015,119.985,0.0,0.5225
area-27-n72,72,factorial,floor2000-mid,spatial_term,actual,2000,midpoint,0,3,10000,,0,False,0.0,29.8,,,,,2,1,per-start,120,2,0,0,5733,0.999,2,7184,7186,7189,2,20,0.383,13.0,0.399,0.665,0.4,5202,914,4819,5760,120.04,0.002,0.004,0.014,119.985,0.0,0.6008
area-27-n72,72,factorial,floor2000-mid,spatial_term,actual,2000,midpoint,0,3,10000,,0,False,0.0,29.8,,,,,3,1,per-start,120,2,0,0,5740,1.0,0,7190,7190,7190,11,10,0.687,32.0,0.399,0.666,0.4,5209,914,4826,5760,120.03,0.002,0.004,0.015,119.985,0.0,0.4982
area-27-n72,72,factorial,floor2000-tmax,spatial_term,actual,2000,tmax,0,3,10000,,0,False,0.0,29.8,,,,,1,1,per-start,120,1,0,0,1502,1.0,0,10142,10142,10142,0,4,0.0,0.0,0.148,0.939,0.8,963,1303,199,0,120.09,0.002,0.004,0.015,120.046,0.0,0.0301
area-27-n72,72,factorial,floor2000-tmax,spatial_term,actual,2000,tmax,0,3,10000,,0,False,0.0,29.8,,,,,2,1,per-start,120,1,0,0,1502,1.0,0,10142,10142,10142,0,4,0.0,0.0,0.148,0.939,0.8,963,1303,199,0,120.02,0.002,0.004,0.014,119.987,0.0,0.0211
area-27-n72,72,factorial,floor2000-tmax,spatial_term,actual,2000,tmax,0,3,10000,,0,False,0.0,29.8,,,,,3,1,per-start,120,1,0,0,1502,1.0,0,10142,10142,10142,0,4,0.0,0.0,0.148,0.939,0.8,963,1303,199,0,120.03,0.002,0.004,0.016,119.985,0.0,0.0211
area-27-n72,72,factorial,floor500-mid,spatial_term,actual,500,midpoint,0,3,10000,,0,False,0.0,29.8,,,,,1,1,per-start,120,2,0,0,5736,0.999,2,7186,7188,7190,3,15,0.632,27.0,0.399,0.665,0.4,5205,914,4822,5760,120.03,0.002,0.004,0.014,119.986,0.0,0.5795
area-27-n72,72,factorial,floor500-mid,spatial_term,actual,500,midpoint,0,3,10000,,0,False,0.0,29.8,,,,,2,1,per-start,120,2,0,0,5735,1.0,2,7186,7188,7189,6,16,0.308,4.0,0.399,0.665,0.4,5204,914,4821,5760,120.03,0.002,0.004,0.015,119.986,0.0,0.5893
area-27-n72,72,factorial,floor500-mid,spatial_term,actual,500,midpoint,0,3,10000,,0,False,0.0,29.8,,,,,3,1,per-start,120,2,0,0,5737,1.0,0,7188,7188,7189,5,21,0.705,32.5,0.399,0.666,0.4,5206,914,4823,5760,120.03,0.002,0.004,0.015,119.986,0.0,0.5358
area-27-n72,72,factorial,floor500-tmax,spatial_term,actual,500,tmax,0,3,10000,,0,False,0.0,29.8,,,,,1,1,per-start,120,1,0,0,1481,1.0,0,10121,10121,10121,0,2,0.0,0.0,0.146,0.937,0.8,942,1303,178,0,120.02,0.002,0.004,0.014,119.986,0.0,0.0169
area-27-n72,72,factorial,floor500-tmax,spatial_term,actual,500,tmax,0,3,10000,,0,False,0.0,29.8,,,,,2,1,per-start,120,1,0,0,1481,1.0,0,10121,10121,10121,0,3,0.0,0.0,0.146,0.937,0.8,942,1303,178,0,120.03,0.002,0.004,0.014,119.987,0.0,0.0379
area-27-n72,72,factorial,floor500-tmax,spatial_term,actual,500,tmax,0,3,10000,,0,False,0.0,29.8,,,,,3,1,per-start,120,1,0,0,1481,1.0,0,10121,10121,10121,0,2,0.0,0.0,0.146,0.937,0.8,942,1303,178,0,119.97,0.002,0.004,0.015,119.931,0.0,0.0169
area-27-n72,72,factorial,floor100-mid,spatial_term,actual,100,midpoint,0,3,10000,,0,False,0.0,29.8,,,,,1,1,per-start,120,2,0,0,5729,1.0,0,7184,7184,7185,13,17,0.516,21.5,0.399,0.665,0.4,5198,914,4815,5760,120.03,0.002,0.004,0.014,119.986,0.0,0.6121
area-27-n72,72,factorial,floor100-mid,spatial_term,actual,100,midpoint,0,3,10000,,0,False,0.0,29.8,,,,,2,1,per-start,120,2,0,0,5738,0.999,3,7186,7189,7192,6,11,0.229,7.0,0.399,0.665,0.4,5207,914,4824,5760,120.03,0.002,0.004,0.014,119.985,0.0,0.6357
area-27-n72,72,factorial,floor100-mid,spatial_term,actual,100,midpoint,0,3,10000,,0,False,0.0,29.8,,,,,3,1,per-start,120,2,0,0,5738,0.999,5,7184,7189,7194,6,15,0.569,19.0,0.399,0.665,0.4,5207,914,4824,5760,120.03,0.002,0.004,0.015,119.986,0.0,0.6144
area-27-n72,72,factorial,floor100-tmax,spatial_term,actual,100,tmax,0,3,10000,,0,False,0.0,29.8,,,,,1,1,per-start,120,1,0,0,1502,1.0,0,10142,10142,10142,0,4,0.0,0.0,0.148,0.939,0.8,963,1303,199,0,120.02,0.002,0.004,0.014,119.985,0.0,0.0211
area-27-n72,72,factorial,floor100-tmax,spatial_term,actual,100,tmax,0,3,10000,,0,False,0.0,29.8,,,,,2,1,per-start,120,1,0,0,1481,1.0,0,10121,10121,10121,0,3,0.0,0.0,0.146,0.937,0.8,942,1303,178,0,120.02,0.002,0.004,0.015,119.986,0.0,0.0379
area-27-n72,72,factorial,floor100-tmax,spatial_term,actual,100,tmax,0,3,10000,,0,False,0.0,29.8,,,,,3,1,per-start,120,1,0,0,1481,1.0,0,10121,10121,10121,0,2,0.0,0.0,0.146,0.937,0.8,942,1303,178,0,120.02,0.002,0.004,0.015,119.984,0.0,0.0169
area-29-n43,43,factorial,floor10000-mid,spatial_term,actual,10000,midpoint,0,3,10000,,0,False,0.0,27.6,,,,,1,1,per-start,94,1,0,0,2024,1.0,0,7184,7184,7184,10,6,0.0,0.0,0.282,0.665,0.478,1636,789,1235,2040,94.02,0.001,0.002,0.007,93.994,0.0,0.5075
area-29-n43,43,factorial,floor10000-mid,spatial_term,actual,10000,midpoint,0,3,10000,,0,False,0.0,27.6,,,,,2,1,per-start,94,1,0,0,2026,1.0,0,7186,7186,7186,4,4,0.0,0.0,0.282,0.665,0.478,1638,789,1237,2040,94.03,0.001,0.001,0.007,94.007,0.0,0.4979
area-29-n43,43,factorial,floor10000-mid,spatial_term,actual,10000,midpoint,0,3,10000,,0,False,0.0,27.6,,,,,3,1,per-start,94,1,0,0,2042,1.0,0,7202,7202,7202,4,2,0.0,0.0,0.284,0.667,0.478,1654,789,1253,2040,94.03,0.001,0.002,0.007,94.009,0.0,0.4948
area-29-n43,43,factorial,floor10000-tmax,spatial_term,actual,10000,tmax,0,3,10000,,0,False,0.0,27.6,,,,,1,1,per-start,94,1,0,0,2025,1.0,0,7185,7185,7185,4,4,0.0,0.0,0.282,0.665,0.478,1637,789,1236,2040,94.02,0.001,0.002,0.007,93.994,0.0,0.5083
area-29-n43,43,factorial,floor10000-tmax,spatial_term,actual,10000,tmax,0,3,10000,,0,False,0.0,27.6,,,,,2,1,per-start,94,1,0,0,2024,1.0,0,7184,7184,7184,9,12,0.0,0.0,0.282,0.665,0.478,1636,789,1235,2040,94.02,0.001,0.002,0.007,93.997,0.0,0.5073
area-29-n43,43,factorial,floor10000-tmax,spatial_term,actual,10000,tmax,0,3,10000,,0,False,0.0,27.6,,,,,3,1,per-start,94,1,0,0,2021,1.0,0,7181,7181,7181,6,12,0.0,0.0,0.281,0.665,0.478,1633,789,1232,2040,94.02,0.001,0.002,0.007,93.995,0.0,0.5064
area-29-n43,43,factorial,floor2000-mid,spatial_term,actual,2000,midpoint,0,3,10000,,0,False,0.0,27.6,,,,,1,1,per-start,94,1,0,0,2029,1.0,0,7189,7189,7189,2,9,0.0,0.0,0.282,0.666,0.478,1641,789,1240,2040,94.02,0.001,0.002,0.007,93.993,0.0,0.5035
area-29-n43,43,factorial,floor2000-mid,spatial_term,actual,2000,midpoint,0,3,10000,,0,False,0.0,27.6,,,,,2,1,per-start,94,1,0,0,2021,1.0,0,7181,7181,7181,5,8,0.0,0.0,0.281,0.665,0.478,1633,789,1232,2040,94.02,0.001,0.002,0.007,93.994,0.0,0.5069
area-29-n43,43,factorial,floor2000-mid,spatial_term,actual,2000,midpoint,0,3,10000,,0,False,0.0,27.6,,,,,3,1,per-start,94,1,0,0,2023,1.0,0,7183,7183,7183,2,11,0.0,0.0,0.282,0.665,0.478,1635,789,1234,2040,94.02,0.001,0.002,0.007,93.992,0.0,0.5178
area-29-n43,43,factorial,floor2000-tmax,spatial_term,actual,2000,tmax,0,3,10000,,0,False,0.0,27.6,,,,,1,1,per-start,94,1,0,0,2027,1.0,0,7187,7187,7187,2,11,0.0,0.0,0.282,0.665,0.478,1639,789,1238,2040,94.02,0.001,0.002,0.007,93.996,0.0,0.4212
area-29-n43,43,factorial,floor2000-tmax,spatial_term,actual,2000,tmax,0,3,10000,,0,False,0.0,27.6,,,,,2,1,per-start,94,1,0,0,2021,1.0,0,7181,7181,7181,5,8,0.0,0.0,0.281,0.665,0.478,1633,789,1232,2040,94.02,0.001,0.001,0.007,93.994,0.0,0.5069
area-29-n43,43,factorial,floor2000-tmax,spatial_term,actual,2000,tmax,0,3,10000,,0,False,0.0,27.6,,,,,3,1,per-start,94,1,0,0,2022,1.0,0,7182,7182,7182,1,7,0.0,0.0,0.282,0.665,0.478,1634,789,1233,2040,93.93,0.001,0.002,0.007,93.904,0.0,0.4288
area-29-n43,43,factorial,floor500-mid,spatial_term,actual,500,midpoint,0,3,10000,,0,False,0.0,27.6,,,,,1,1,per-start,94,1,0,0,2028,1.0,0,7188,7188,7188,4,9,0.0,0.0,0.282,0.666,0.478,1640,789,1239,2040,94.02,0.001,0.002,0.007,93.993,0.0,0.5289
area-29-n43,43,factorial,floor500-mid,spatial_term,actual,500,midpoint,0,3,10000,,0,False,0.0,27.6,,,,,2,1,per-start,94,1,0,0,2025,1.0,0,7185,7185,7185,6,8,0.0,0.0,0.282,0.665,0.478,1637,789,1236,2040,94.02,0.001,0.001,0.007,93.993,0.0,0.5068
area-29-n43,43,factorial,floor500-mid,spatial_term,actual,500,midpoint,0,3,10000,,0,False,0.0,27.6,,,,,3,1,per-start,94,1,0,0,2028,1.0,0,7188,7188,7188,4,9,0.0,0.0,0.282,0.666,0.478,1640,789,1239,2040,94.02,0.001,0.002,0.007,93.993,0.0,0.5289
area-29-n43,43,factorial,floor500-tmax,spatial_term,actual,500,tmax,0,3,10000,,0,False,0.0,27.6,,,,,1,1,per-start,94,1,0,0,2024,1.0,0,7184,7184,7184,2,4,0.0,0.0,0.282,0.665,0.478,1636,789,1235,2040,94.02,0.001,0.001,0.007,93.996,0.0,0.4913
area-29-n43,43,factorial,floor500-tmax,spatial_term,actual,500,tmax,0,3,10000,,0,False,0.0,27.6,,,,,2,1,per-start,94,1,0,0,2022,1.0,0,7182,7182,7182,2,7,0.0,0.0,0.282,0.665,0.478,1634,789,1233,2040,94.02,0.001,0.002,0.007,93.993,0.0,0.4675
area-29-n43,43,factorial,floor500-tmax,spatial_term,actual,500,tmax,0,3,10000,,0,False,0.0,27.6,,,,,3,1,per-start,94,1,0,0,2024,1.0,0,7184,7184,7184,2,9,0.0,0.0,0.282,0.665,0.478,1636,789,1235,2040,94.02,0.001,0.002,0.007,93.993,0.0,0.4682
area-29-n43,43,factorial,floor100-mid,spatial_term,actual,100,midpoint,0,3,10000,,0,False,0.0,27.6,,,,,1,1,per-start,94,1,0,0,2026,1.0,0,7186,7186,7186,4,6,0.0,0.0,0.282,0.665,0.478,1638,789,1237,2040,94.02,0.001,0.002,0.007,93.993,0.0,0.4954
area-29-n43,43,factorial,floor100-mid,spatial_term,actual,100,midpoint,0,3,10000,,0,False,0.0,27.6,,,,,2,1,per-start,94,1,0,0,2028,1.0,0,7188,7188,7188,3,8,0.0,0.0,0.282,0.666,0.478,1640,789,1239,2040,94.02,0.001,0.002,0.007,93.993,0.0,0.4807
area-29-n43,43,factorial,floor100-mid,spatial_term,actual,100,midpoint,0,3,10000,,0,False,0.0,27.6,,,,,3,1,per-start,94,1,0,0,2026,1.0,0,7186,7186,7186,4,6,0.0,0.0,0.282,0.665,0.478,1638,789,1237,2040,94.02,0.001,0.002,0.007,93.995,0.0,0.4954
area-29-n43,43,factorial,floor100-tmax,spatial_term,actual,100,tmax,0,3,10000,,0,False,0.0,27.6,,,,,1,1,per-start,94,1,0,0,2026,1.0,0,7186,7186,7186,4,6,0.0,0.0,0.282,0.665,0.478,1638,789,1237,2040,94.02,0.001,0.002,0.007,93.993,0.0,0.4954
area-29-n43,43,factorial,floor100-tmax,spatial_term,actual,100,tmax,0,3,10000,,0,False,0.0,27.6,,,,,2,1,per-start,94,1,0,0,2033,1.0,0,7193,7193,7193,2,6,0.0,0.0,0.283,0.666,0.478,1645,789,1244,2040,94.04,0.001,0.002,0.007,94.016,0.0,0.5271
area-29-n43,43,factorial,floor100-tmax,spatial_term,actual,100,tmax,0,3,10000,,0,False,0.0,27.6,,,,,3,1,per-start,94,1,0,0,2023,1.0,0,7183,7183,7183,0,9,0.0,0.0,0.282,0.665,0.478,1635,789,1234,2040,94.02,0.001,0.002,0.007,93.996,0.0,0.4569
reference-n1607,1607,factorial,floor10000-mid,spatial_term,actual,10000,midpoint,0,3,10000,,0,False,0.0,44.1,,,,,1,1,per-start,120,25,0,0,59655,0.839,514,9032,10209,10766,66,46,0.395,114.64,0.236,0.935,0.714,32599,30823,28832,11280,122.58,0.589,1.675,2.753,117.252,0.006,0.0183
reference-n1607,1607,factorial,floor10000-mid,spatial_term,actual,10000,midpoint,0,3,10000,,0,False,0.0,44.1,,,,,2,1,per-start,120,25,0,0,61410,0.847,599,9104,10353,10749,75,43,0.414,92.84,0.242,0.942,0.714,34354,30823,30587,9241,122.58,0.584,1.678,2.723,117.282,0.006,0.0114
reference-n1607,1607,factorial,floor10000-mid,spatial_term,actual,10000,midpoint,0,3,10000,,0,False,0.0,44.1,,,,,3,1,per-start,120,25,0,0,58774,0.861,492,9275,10159,10774,53,34,0.49,109.24,0.234,0.932,0.714,31718,30823,27951,9000,122.57,0.58,1.667,2.682,117.322,0.006,0.0223
reference-n1607,1607,factorial,floor10000-tmax,spatial_term,actual,10000,tmax,0,3,10000,,0,False,0.0,44.1,,,,,1,1,per-start,120,25,0,1,58886,0.704,758,7578,10269,10765,4,68,0.503,82.96,0.234,0.932,0.714,31830,30823,28063,9360,122.58,0.58,1.679,2.726,117.278,0.006,0.0419
reference-n1607,1607,factorial,floor10000-tmax,spatial_term,actual,10000,tmax,0,3,10000,,0,False,0.0,44.1,,,,,2,1,per-start,120,25,0,0,59672,0.748,661,8054,10341,10761,4,63,0.459,72.08,0.236,0.935,0.714,32616,30823,28849,9600,122.56,0.581,1.662,2.731,117.274,0.006,0.0303
reference-n1607,1607,factorial,floor10000-tmax,spatial_term,actual,10000,tmax,0,3,10000,,0,False,0.0,44.1,,,,,3,1,per-start,120,25,0,1,56530,0.718,798,7736,10327,10770,5,44,0.37,73.44,0.227,0.924,0.714,29474,30823,25707,9241,122.55,0.584,1.659,2.694,117.308,0.006,0.036
reference-n1607,1607,factorial,floor2000-mid,spatial_term,actual,2000,midpoint,0,3,10000,,0,False,0.0,44.1,,,,,1,1,per-start,120,25,0,0,59640,0.839,515,9032,10209,10766,66,46,0.395,115.24,0.236,0.935,0.714,32584,30823,28817,11160,122.53,0.582,1.669,2.669,117.28,0.006,0.0182
reference-n1607,1607,factorial,floor2000-mid,spatial_term,actual,2000,midpoint,0,3,10000,,0,False,0.0,44.1,,,,,2,1,per-start,120,25,0,0,61410,0.847,599,9104,10353,10749,75,43,0.414,92.84,0.242,0.942,0.714,34354,30823,30587,9241,122.57,0.582,1.676,2.666,117.336,0.006,0.0114
reference-n1607,1607,factorial,floor2000-mid,spatial_term,actual,2000,midpoint,0,3,10000,,0,False,0.0,44.1,,,,,3,1,per-start,120,25,0,0,58774,0.861,492,9275,10159,10774,53,34,0.49,109.24,0.234,0.932,0.714,31718,30823,27951,9000,122.59,0.584,1.689,2.725,117.279,0.006,0.0223
reference-n1607,1607,factorial,floor2000-tmax,spatial_term,actual,2000,tmax,0,3,10000,,0,False,0.0,44.1,,,,,1,1,per-start,120,25,0,1,58866,0.704,758,7578,10269,10765,4,68,0.503,82.96,0.234,0.932,0.714,31810,30823,28043,9360,122.57,0.582,1.672,2.687,117.316,0.006,0.0416
reference-n1607,1607,factorial,floor2000-tmax,spatial_term,actual,2000,tmax,0,3,10000,,0,False,0.0,44.1,,,,,2,1,per-start,120,25,0,0,59672,0.748,661,8054,10341,10761,4,63,0.459,72.08,0.236,0.935,0.714,32616,30823,28849,9600,122.57,0.581,1.67,2.707,117.295,0.006,0.0303
reference-n1607,1607,factorial,floor2000-tmax,spatial_term,actual,2000,tmax,0,3,10000,,0,False,0.0,44.1,,,,,3,1,per-start,120,25,0,1,56530,0.718,798,7736,10327,10770,5,44,0.37,73.44,0.227,0.924,0.714,29474,30823,25707,9241,122.57,0.606,1.672,2.68,117.322,0.006,0.036
reference-n1607,1607,factorial,floor500-mid,spatial_term,actual,500,midpoint,0,3,10000,,0,False,0.0,44.1,,,,,1,1,per-start,120,25,0,0,59004,0.835,589,8988,10027,10766,72,48,0.395,109.48,0.234,0.933,0.714,31948,30823,28181,11280,122.58,0.583,1.668,2.683,117.32,0.006,0.0167
reference-n1607,1607,factorial,floor500-mid,spatial_term,actual,500,midpoint,0,3,10000,,0,False,0.0,44.1,,,,,2,1,per-start,120,25,0,0,61410,0.847,599,9104,10353,10749,75,43,0.414,92.84,0.242,0.942,0.714,34354,30823,30587,9241,122.57,0.58,1.678,2.716,117.287,0.006,0.0114
reference-n1607,1607,factorial,floor500-mid,spatial_term,actual,500,midpoint,0,3,10000,,0,False,0.0,44.1,,,,,3,1,per-start,120,25,0,0,58774,0.861,492,9275,10159,10774,53,34,0.49,109.24,0.234,0.932,0.714,31718,30823,27951,9000,122.55,0.582,1.672,2.717,117.262,0.006,0.0223
reference-n1607,1607,factorial,floor500-tmax,spatial_term,actual,500,tmax,0,3,10000,,0,False,0.0,44.1,,,,,1,1,per-start,120,25,0,1,58866,0.704,758,7578,10269,10765,4,68,0.503,82.96,0.234,0.932,0.714,31810,30823,28043,9360,122.59,0.583,1.697,2.701,117.301,0.006,0.0416
reference-n1607,1607,factorial,floor500-tmax,spatial_term,actual,500,tmax,0,3,10000,,0,False,0.0,44.1,,,,,2,1,per-start,120,25,0,0,59672,0.748,661,8054,10341,10761,4,63,0.459,72.08,0.236,0.935,0.714,32616,30823,28849,9600,122.57,0.584,1.671,2.731,117.271,0.006,0.0303
reference-n1607,1607,factorial,floor500-tmax,spatial_term,actual,500,tmax,0,3,10000,,0,False,0.0,44.1,,,,,3,1,per-start,120,25,0,1,56530,0.718,798,7736,10327,10770,5,44,0.37,73.44,0.227,0.924,0.714,29474,30823,25707,9241,122.59,0.579,1.695,2.71,117.292,0.006,0.036
reference-n1607,1607,factorial,floor100-mid,spatial_term,actual,100,midpoint,0,3,10000,,0,False,0.0,44.1,,,,,1,1,per-start,120,25,0,0,59246,0.837,585,9007,10027,10766,71,49,0.395,109.2,0.235,0.934,0.714,32190,30823,28423,11041,123.12,0.585,2.216,2.987,117.015,0.006,0.0142
reference-n1607,1607,factorial,floor100-mid,spatial_term,actual,100,midpoint,0,3,10000,,0,False,0.0,44.1,,,,,2,1,per-start,120,26,0,0,65339,0.826,750,8907,10144,10785,68,53,0.395,91.77,0.253,0.919,0.687,38300,30719,34620,15120,123.22,0.582,2.302,2.797,117.205,0.006,0.0423
reference-n1607,1607,factorial,floor100-mid,spatial_term,actual,100,midpoint,0,3,10000,,0,False,0.0,44.1,,,,,3,1,per-start,120,26,0,1,63204,0.836,591,9007,9812,10776,68,33,0.572,142.35,0.247,0.912,0.687,36165,30719,32485,13080,122.8,0.578,1.895,2.862,117.14,0.006,0.037
reference-n1607,1607,factorial,floor100-tmax,spatial_term,actual,100,tmax,0,3,10000,,0,False,0.0,44.1,,,,,1,1,per-start,120,25,0,1,58840,0.704,761,7578,10234,10765,4,68,0.503,82.96,0.234,0.932,0.714,31784,30823,28017,9360,122.6,0.588,1.691,2.698,117.304,0.006,0.042
reference-n1607,1607,factorial,floor100-tmax,spatial_term,actual,100,tmax,0,3,10000,,0,False,0.0,44.1,,,,,2,1,per-start,120,25,0,0,59952,0.697,675,7496,10318,10761,5,66,0.445,72.2,0.237,0.936,0.714,32896,30823,29129,10200,123.09,0.572,2.095,2.944,117.159,0.006,0.0285
reference-n1607,1607,factorial,floor100-tmax,spatial_term,actual,100,tmax,0,3,10000,,0,False,0.0,44.1,,,,,3,1,per-start,120,25,0,1,56605,0.719,749,7736,10320,10757,4,44,0.353,73.12,0.227,0.924,0.714,29549,30823,25782,9360,123.01,0.58,2.109,2.919,117.085,0.006,0.0351
