instance,n,axis,cell,strategy,balance_arm,span_coef,seed,k,drops,travel_sec,balance,sigma_t_sec,crossings,worst_iou,interleave_per_route,walk_ratio,saturation_mean,sat_estimated,relleno_sec,deficit_sec,wall_clock_sec,t_osrm_sec,t_model_build_sec,t_first_solution_sec,t_metaheuristic_sec,t_extraction_sec
battery-n50,50,config,actual,spatial_term,actual,0,1,2,0,8399,0.998,8,5,0.186,10.5,0.583,0.667,0.278,6375,8400,105.05,0.002,0.008,0.012,104.987,0.0
battery-n50,50,config,actual,spatial_term,actual,0,2,2,0,8399,0.998,8,5,0.186,10.5,0.583,0.667,0.278,6375,8400,105.02,0.001,0.002,0.008,104.992,0.0
battery-n50,50,config,actual,spatial_term,actual,0,3,2,0,8399,0.998,8,5,0.186,10.5,0.583,0.667,0.278,6375,8400,105.02,0.001,0.002,0.008,104.991,0.0
battery-n50,50,config,upper-tmax-tmin9000,spatial_term,upper-tmax-tmin9000,0,1,1,0,3419,1.0,0,0,0.0,0.0,0.363,0.872,0.556,1352,1200,105.03,0.001,0.002,0.008,104.992,0.001
battery-n50,50,config,upper-tmax-tmin9000,spatial_term,upper-tmax-tmin9000,0,2,1,0,3419,1.0,0,0,0.0,0.0,0.363,0.872,0.556,1352,1200,105.02,0.001,0.003,0.01,104.99,0.0
battery-n50,50,config,upper-tmax-tmin9000,spatial_term,upper-tmax-tmin9000,0,3,1,0,3419,1.0,0,0,0.0,0.0,0.363,0.872,0.556,1352,1200,105.06,0.001,0.002,0.008,104.991,0.0
battery-n50,50,config,tmin-scaled,spatial_term,tmin-scaled,0,1,2,0,3221,0.865,334,0,0.05,2.0,0.349,0.427,0.278,1197,8400,105.02,0.001,0.002,0.012,104.988,0.0
battery-n50,50,config,tmin-scaled,spatial_term,tmin-scaled,0,2,2,0,3221,0.865,334,0,0.05,2.0,0.349,0.427,0.278,1197,8400,105.02,0.001,0.002,0.008,104.991,0.0
battery-n50,50,config,tmin-scaled,spatial_term,tmin-scaled,0,3,2,0,3221,0.865,334,0,0.05,2.0,0.349,0.427,0.278,1197,8400,105.05,0.001,0.002,0.008,105.014,0.0
battery-n50,50,config,service-floor,spatial_term,service-floor,0,1,2,0,2500,0.014,4130,0,0.0,0.0,0.294,0.394,0.278,476,8400,105.03,0.001,0.002,0.008,104.995,0.0
battery-n50,50,config,service-floor,spatial_term,service-floor,0,2,2,0,2500,0.014,4130,0,0.0,0.0,0.294,0.394,0.278,476,8400,105.02,0.001,0.002,0.008,104.991,0.0
battery-n50,50,config,service-floor,spatial_term,service-floor,0,3,2,0,2500,0.014,4130,0,0.0,0.0,0.294,0.394,0.278,476,8400,105.02,0.001,0.002,0.008,104.993,0.0
battery-n50,50,config,tmin-scaled+exempt-last,spatial_term,tmin-scaled+exempt-last,0,1,2,0,3221,1.0,334,0,0.05,2.0,0.349,0.427,0.278,1197,8400,105.02,0.001,0.002,0.008,104.992,0.0
battery-n50,50,config,tmin-scaled+exempt-last,spatial_term,tmin-scaled+exempt-last,0,2,2,0,3221,1.0,334,0,0.05,2.0,0.349,0.427,0.278,1197,8400,105.02,0.001,0.002,0.008,104.991,0.0
battery-n50,50,config,tmin-scaled+exempt-last,spatial_term,tmin-scaled+exempt-last,0,3,2,0,3221,1.0,334,0,0.05,2.0,0.349,0.427,0.278,1197,8400,105.02,0.001,0.002,0.008,104.991,0.0
battery-n50,50,config,span-c100,spatial_term,actual,100,1,1,0,3266,1.0,0,3,0.0,0.0,0.352,0.858,0.556,1199,1200,105.02,0.001,0.002,0.009,104.99,0.0
battery-n50,50,config,span-c100,spatial_term,actual,100,2,1,0,3266,1.0,0,3,0.0,0.0,0.352,0.858,0.556,1199,1200,105.02,0.001,0.002,0.009,104.991,0.0
battery-n50,50,config,span-c100,spatial_term,actual,100,3,1,0,3266,1.0,0,3,0.0,0.0,0.352,0.858,0.556,1199,1200,105.02,0.001,0.002,0.01,104.994,0.0
battery-n50,50,algo,global,global,actual,0,1,2,0,8385,1.0,0,40,0.318,14.5,0.583,0.666,0.278,6361,8400,105.02,0.001,0.0,0.005,104.996,0.0
battery-n50,50,algo,global,global,actual,0,2,2,0,8385,1.0,0,40,0.318,14.5,0.583,0.666,0.278,6361,8400,105.02,0.001,0.0,0.005,104.996,0.0
battery-n50,50,algo,global,global,actual,0,3,2,0,8385,1.0,0,40,0.318,14.5,0.583,0.666,0.278,6361,8400,105.02,0.001,0.0,0.005,104.995,0.0
battery-n50,50,algo,greedy,greedy,actual,0,1,1,0,3776,1.0,0,11,0.0,0.0,0.386,0.905,0.556,1709,1200,0.0,0.0,0.0,0.0,0.0,0.0
battery-n50,50,algo,greedy,greedy,actual,0,2,1,0,3776,1.0,0,11,0.0,0.0,0.386,0.905,0.556,1709,1200,0.0,0.0,0.0,0.0,0.0,0.0
battery-n50,50,algo,greedy,greedy,actual,0,3,1,0,3776,1.0,0,11,0.0,0.0,0.386,0.905,0.556,1709,1200,0.0,0.0,0.0,0.0,0.0,0.0
battery-n100,100,config,actual,spatial_term,actual,0,1,2,0,4244,0.946,226,3,0.017,3.0,0.261,0.752,0.556,1784,2400,120.04,0.003,0.007,0.022,119.979,0.0
battery-n100,100,config,actual,spatial_term,actual,0,2,2,0,4244,0.946,226,3,0.017,3.0,0.261,0.752,0.556,1784,2400,120.04,0.003,0.007,0.02,119.98,0.0
battery-n100,100,config,actual,spatial_term,actual,0,3,2,0,4244,0.946,226,3,0.017,3.0,0.261,0.752,0.556,1784,2400,120.04,0.003,0.007,0.02,119.98,0.0
battery-n100,100,config,upper-tmax-tmin9000,spatial_term,upper-tmax-tmin9000,0,1,2,0,5961,1.0,2,4,0.065,5.0,0.332,0.831,0.556,3501,2400,120.04,0.003,0.007,0.021,119.98,0.0
battery-n100,100,config,upper-tmax-tmin9000,spatial_term,upper-tmax-tmin9000,0,2,2,0,5961,1.0,2,4,0.065,5.0,0.332,0.831,0.556,3501,2400,120.04,0.003,0.007,0.02,119.986,0.0
battery-n100,100,config,upper-tmax-tmin9000,spatial_term,upper-tmax-tmin9000,0,3,2,0,5961,1.0,2,4,0.065,5.0,0.332,0.831,0.556,3501,2400,119.97,0.003,0.007,0.021,119.911,0.0
battery-n100,100,config,tmin-scaled,spatial_term,tmin-scaled,0,1,3,0,4241,0.903,236,3,0.106,1.33,0.261,0.501,0.37,1806,9600,120.04,0.003,0.007,0.021,119.977,0.0
battery-n100,100,config,tmin-scaled,spatial_term,tmin-scaled,0,2,3,0,4241,0.903,236,3,0.106,1.33,0.261,0.501,0.37,1806,9600,120.03,0.003,0.007,0.021,119.978,0.0
battery-n100,100,config,tmin-scaled,spatial_term,tmin-scaled,0,3,3,0,4241,0.903,236,3,0.106,1.33,0.261,0.501,0.37,1806,9600,120.04,0.003,0.007,0.02,119.979,0.0
battery-n100,100,config,service-floor,spatial_term,service-floor,0,1,2,0,4354,0.961,163,1,0.017,3.0,0.266,0.757,0.556,1894,2400,120.04,0.003,0.007,0.02,119.979,0.0
battery-n100,100,config,service-floor,spatial_term,service-floor,0,2,2,0,4354,0.961,163,1,0.017,3.0,0.266,0.757,0.556,1894,2400,120.04,0.003,0.007,0.02,119.979,0.0
battery-n100,100,config,service-floor,spatial_term,service-floor,0,3,2,0,4354,0.961,163,1,0.017,3.0,0.266,0.757,0.556,1894,2400,120.05,0.003,0.007,0.02,119.996,0.0
battery-n100,100,config,tmin-scaled+exempt-last,spatial_term,tmin-scaled+exempt-last,0,1,3,0,4241,0.982,236,3,0.106,1.33,0.261,0.501,0.37,1806,9600,120.04,0.003,0.007,0.02,119.978,0.0
battery-n100,100,config,tmin-scaled+exempt-last,spatial_term,tmin-scaled+exempt-last,0,2,3,0,4241,0.982,236,3,0.106,1.33,0.261,0.501,0.37,1806,9600,120.06,0.003,0.007,0.021,120.006,0.0
battery-n100,100,config,tmin-scaled+exempt-last,spatial_term,tmin-scaled+exempt-last,0,3,3,0,4241,0.982,236,3,0.106,1.33,0.261,0.501,0.37,1806,9600,120.04,0.003,0.007,0.02,119.979,0.0
battery-n100,100,config,span-c100,spatial_term,actual,100,1,2,0,3797,0.987,54,7,0.017,3.0,0.24,0.731,0.556,1337,2400,120.06,0.003,0.007,0.025,119.975,0.0
battery-n100,100,config,span-c100,spatial_term,actual,100,2,2,0,3797,0.987,54,7,0.017,3.0,0.24,0.731,0.556,1337,2400,120.04,0.003,0.007,0.026,119.973,0.0
battery-n100,100,config,span-c100,spatial_term,actual,100,3,2,0,3797,0.987,54,7,0.017,3.0,0.24,0.731,0.556,1337,2400,120.04,0.003,0.007,0.025,119.975,0.0
battery-n100,100,algo,global,global,actual,0,1,2,0,4040,0.848,660,9,0.342,21.5,0.252,0.743,0.556,1580,2400,120.03,0.003,0.0,0.012,119.988,0.0
battery-n100,100,algo,global,global,actual,0,2,2,0,4040,0.848,660,9,0.342,21.5,0.252,0.743,0.556,1580,2400,120.03,0.003,0.0,0.012,119.987,0.0
battery-n100,100,algo,global,global,actual,0,3,2,0,4040,0.848,660,9,0.342,21.5,0.252,0.743,0.556,1580,2400,120.03,0.003,0.0,0.012,119.988,0.0
battery-n100,100,algo,greedy,greedy,actual,0,1,2,0,4917,0.577,2268,14,0.12,7.5,0.291,0.783,0.556,2457,3480,0.01,0.0,0.0,0.0,0.0,0.0
battery-n100,100,algo,greedy,greedy,actual,0,2,2,0,4917,0.577,2268,14,0.12,7.5,0.291,0.783,0.556,2457,3480,0.01,0.0,0.0,0.0,0.0,0.0
battery-n100,100,algo,greedy,greedy,actual,0,3,2,0,4917,0.577,2268,14,0.12,7.5,0.291,0.783,0.556,2457,3480,0.01,0.0,0.0,0.0,0.0,0.0
battery-n200,200,config,actual,spatial_term,actual,0,1,4,0,8254,0.832,617,2,0.128,15.75,0.256,0.747,0.556,4776,4800,120.0,0.01,0.026,0.061,119.858,0.001
battery-n200,200,config,actual,spatial_term,actual,0,2,4,0,8254,0.832,617,2,0.128,15.75,0.256,0.747,0.556,4776,4800,120.08,0.009,0.026,0.063,119.935,0.001
battery-n200,200,config,actual,spatial_term,actual,0,3,4,0,8254,0.832,617,2,0.128,15.75,0.256,0.747,0.556,4776,4800,120.08,0.009,0.026,0.062,119.936,0.001
battery-n200,200,config,upper-tmax-tmin9000,spatial_term,upper-tmax-tmin9000,0,1,4,0,12024,0.99,38,4,0.65,75.0,0.334,0.834,0.556,8546,4800,120.08,0.009,0.026,0.058,119.94,0.001
battery-n200,200,config,upper-tmax-tmin9000,spatial_term,upper-tmax-tmin9000,0,2,4,0,12024,0.99,38,4,0.65,75.0,0.334,0.834,0.556,8546,4800,120.08,0.009,0.026,0.059,119.94,0.001
battery-n200,200,config,upper-tmax-tmin9000,spatial_term,upper-tmax-tmin9000,0,3,4,0,12024,0.99,38,4,0.65,75.0,0.334,0.834,0.556,8546,4800,120.08,0.009,0.026,0.059,119.938,0.001
battery-n200,200,config,tmin-scaled,spatial_term,tmin-scaled,0,1,5,0,7728,0.834,411,4,0.115,15.0,0.244,0.588,0.444,4268,12000,120.11,0.01,0.027,0.063,119.936,0.001
battery-n200,200,config,tmin-scaled,spatial_term,tmin-scaled,0,2,5,0,7728,0.834,411,4,0.115,15.0,0.244,0.588,0.444,4268,12000,120.08,0.009,0.026,0.06,119.938,0.001
battery-n200,200,config,tmin-scaled,spatial_term,tmin-scaled,0,3,5,0,7728,0.834,411,4,0.115,15.0,0.244,0.588,0.444,4268,12000,120.09,0.009,0.031,0.063,119.936,0.001
battery-n200,200,config,service-floor,spatial_term,service-floor,0,1,4,0,7890,0.867,541,2,0.021,1.5,0.247,0.739,0.556,4412,4800,120.08,0.009,0.026,0.061,119.937,0.001
battery-n200,200,config,service-floor,spatial_term,service-floor,0,2,4,0,7890,0.867,541,2,0.021,1.5,0.247,0.739,0.556,4412,4800,120.08,0.009,0.028,0.06,119.938,0.001
battery-n200,200,config,service-floor,spatial_term,service-floor,0,3,4,0,7890,0.867,541,2,0.021,1.5,0.247,0.739,0.556,4412,4800,120.08,0.009,0.027,0.059,119.939,0.001
battery-n200,200,config,tmin-scaled+exempt-last,spatial_term,tmin-scaled+exempt-last,0,1,5,0,7728,0.953,411,4,0.115,15.0,0.244,0.588,0.444,4268,12000,120.08,0.009,0.028,0.063,119.936,0.001
battery-n200,200,config,tmin-scaled+exempt-last,spatial_term,tmin-scaled+exempt-last,0,2,5,0,7728,0.953,411,4,0.115,15.0,0.244,0.588,0.444,4268,12000,120.08,0.009,0.026,0.06,119.939,0.001
battery-n200,200,config,tmin-scaled+exempt-last,spatial_term,tmin-scaled+exempt-last,0,3,5,0,7728,0.953,411,4,0.115,15.0,0.244,0.588,0.444,4268,12000,120.09,0.009,0.026,0.061,119.937,0.001
battery-n200,200,config,span-c100,spatial_term,actual,100,1,4,0,7168,0.946,170,5,0.487,25.5,0.23,0.722,0.556,3690,4800,120.09,0.009,0.03,0.083,119.918,0.001
battery-n200,200,config,span-c100,spatial_term,actual,100,2,4,0,7168,0.946,170,5,0.487,25.5,0.23,0.722,0.556,3690,4800,120.11,0.009,0.029,0.084,119.943,0.001
battery-n200,200,config,span-c100,spatial_term,actual,100,3,4,0,7168,0.946,170,5,0.487,25.5,0.23,0.722,0.556,3690,4800,120.08,0.009,0.027,0.079,119.919,0.001
battery-n200,200,algo,global,global,actual,0,1,4,0,7029,0.897,308,16,0.079,9.0,0.227,0.718,0.556,3551,4800,120.05,0.009,0.001,0.034,119.965,0.001
battery-n200,200,algo,global,global,actual,0,2,4,0,7029,0.897,308,16,0.079,9.0,0.227,0.718,0.556,3551,4800,120.06,0.009,0.001,0.036,119.964,0.001
battery-n200,200,algo,global,global,actual,0,3,4,0,7029,0.897,308,16,0.079,9.0,0.227,0.718,0.556,3551,4800,120.06,0.009,0.001,0.035,119.964,0.001
battery-n200,200,algo,greedy,greedy,actual,0,1,4,0,8842,0.068,4321,36,0.16,19.5,0.269,0.76,0.556,5364,7320,0.02,0.0,0.0,0.0,0.0,0.0
battery-n200,200,algo,greedy,greedy,actual,0,2,4,0,8842,0.068,4321,36,0.16,19.5,0.269,0.76,0.556,5364,7320,0.02,0.0,0.0,0.0,0.0,0.0
battery-n200,200,algo,greedy,greedy,actual,0,3,4,0,8842,0.068,4321,36,0.16,19.5,0.269,0.76,0.556,5364,7320,0.02,0.0,0.0,0.0,0.0,0.0
battery-n400,400,config,actual,spatial_term,actual,0,1,7,0,14557,0.987,43,2,0.446,48.71,0.233,0.828,0.635,9039,3600,120.25,0.038,0.103,0.209,119.79,0.002
battery-n400,400,config,actual,spatial_term,actual,0,2,7,0,14557,0.987,43,2,0.446,48.71,0.233,0.828,0.635,9039,3600,120.23,0.036,0.106,0.204,119.796,0.002
battery-n400,400,config,actual,spatial_term,actual,0,3,7,0,14557,0.987,43,2,0.446,48.71,0.233,0.828,0.635,9039,3600,120.24,0.035,0.121,0.203,119.795,0.002
battery-n400,400,config,upper-tmax-tmin9000,spatial_term,upper-tmax-tmin9000,0,1,6,0,13730,0.836,604,7,0.294,50.17,0.222,0.953,0.741,8198,960,120.23,0.036,0.104,0.202,119.798,0.002
battery-n400,400,config,upper-tmax-tmin9000,spatial_term,upper-tmax-tmin9000,0,2,6,0,13730,0.836,604,7,0.294,50.17,0.222,0.953,0.741,8198,960,120.24,0.036,0.103,0.204,119.796,0.002
battery-n400,400,config,upper-tmax-tmin9000,spatial_term,upper-tmax-tmin9000,0,3,6,0,13730,0.836,604,7,0.294,50.17,0.222,0.953,0.741,8198,960,120.23,0.036,0.104,0.203,119.797,0.002
battery-n400,400,config,tmin-scaled,spatial_term,tmin-scaled,0,1,10,0,11992,0.559,996,3,0.167,12.9,0.2,0.555,0.444,6517,24000,120.24,0.038,0.111,0.211,119.792,0.002
battery-n400,400,config,tmin-scaled,spatial_term,tmin-scaled,0,2,10,0,11992,0.559,996,3,0.167,12.9,0.2,0.555,0.444,6517,24000,120.22,0.036,0.104,0.2,119.8,0.002
battery-n400,400,config,tmin-scaled,spatial_term,tmin-scaled,0,3,10,0,11992,0.559,996,3,0.167,12.9,0.2,0.555,0.444,6517,24000,120.25,0.036,0.111,0.205,119.795,0.002
battery-n400,400,config,service-floor,spatial_term,service-floor,0,1,8,0,12916,0.636,980,7,0.368,20.62,0.212,0.705,0.556,7413,9840,120.23,0.04,0.103,0.203,119.796,0.002
battery-n400,400,config,service-floor,spatial_term,service-floor,0,2,8,0,12916,0.636,980,7,0.368,20.62,0.212,0.705,0.556,7413,9840,120.26,0.038,0.125,0.197,119.809,0.002
battery-n400,400,config,service-floor,spatial_term,service-floor,0,3,8,0,12916,0.636,980,7,0.368,20.62,0.212,0.705,0.556,7413,9840,120.27,0.035,0.108,0.201,119.841,0.002
battery-n400,400,config,tmin-scaled+exempt-last,spatial_term,tmin-scaled+exempt-last,0,1,10,0,11992,0.619,996,3,0.167,12.9,0.2,0.555,0.444,6517,24000,120.24,0.036,0.104,0.201,119.8,0.002
battery-n400,400,config,tmin-scaled+exempt-last,spatial_term,tmin-scaled+exempt-last,0,2,10,0,11992,0.619,996,3,0.167,12.9,0.2,0.555,0.444,6517,24000,120.23,0.036,0.103,0.207,119.794,0.002
battery-n400,400,config,tmin-scaled+exempt-last,spatial_term,tmin-scaled+exempt-last,0,3,10,0,11992,0.619,996,3,0.167,12.9,0.2,0.555,0.444,6517,24000,120.25,0.035,0.128,0.214,119.787,0.002
battery-n400,400,config,span-c100,spatial_term,actual,100,1,6,0,11330,0.877,481,18,0.469,21.17,0.191,0.916,0.741,5798,0,120.24,0.036,0.109,0.286,119.719,0.002
battery-n400,400,config,span-c100,spatial_term,actual,100,2,6,0,11330,0.877,481,18,0.469,21.17,0.191,0.916,0.741,5798,0,120.27,0.037,0.115,0.287,119.713,0.002
battery-n400,400,config,span-c100,spatial_term,actual,100,3,6,0,11330,0.877,481,18,0.469,21.17,0.191,0.916,0.741,5798,0,120.26,0.036,0.131,0.277,119.724,0.002
battery-n400,400,algo,global,global,actual,0,1,7,0,11640,0.828,492,26,0.374,31.43,0.195,0.789,0.635,6122,3120,120.15,0.036,0.001,0.115,119.914,0.002
battery-n400,400,algo,global,global,actual,0,2,7,0,11640,0.828,492,26,0.374,31.43,0.195,0.789,0.635,6122,3120,120.13,0.036,0.001,0.108,119.89,0.002
battery-n400,400,algo,global,global,actual,0,3,7,0,11640,0.828,492,26,0.374,31.43,0.195,0.789,0.635,6122,3120,120.14,0.036,0.001,0.111,119.888,0.002
battery-n400,400,algo,greedy,greedy,actual,0,1,6,0,14388,0.888,491,55,0.33,52.0,0.231,0.963,0.741,8856,1680,0.03,0.0,0.0,0.0,0.0,0.0
battery-n400,400,algo,greedy,greedy,actual,0,2,6,0,14388,0.888,491,55,0.33,52.0,0.231,0.963,0.741,8856,1680,0.03,0.0,0.0,0.0,0.0,0.0
battery-n400,400,algo,greedy,greedy,actual,0,3,6,0,14388,0.888,491,55,0.33,52.0,0.231,0.963,0.741,8856,1680,0.03,0.0,0.0,0.0,0.0,0.0
battery-n800,800,config,actual,spatial_term,actual,0,1,12,0,19725,0.851,663,29,0.492,66.83,0.17,0.893,0.741,10762,1200,120.85,0.155,0.497,0.73,119.271,0.003
battery-n800,800,config,actual,spatial_term,actual,0,2,12,0,19767,0.851,624,28,0.492,66.83,0.171,0.893,0.741,10804,1200,120.85,0.145,0.529,0.721,119.279,0.003
battery-n800,800,config,actual,spatial_term,actual,0,3,12,0,19719,0.851,662,29,0.492,66.83,0.17,0.893,0.741,10756,1200,120.78,0.146,0.443,0.723,119.278,0.003
battery-n800,800,config,upper-tmax-tmin9000,spatial_term,upper-tmax-tmin9000,0,1,12,0,22400,0.839,562,5,0.476,63.42,0.189,0.914,0.741,13437,960,120.77,0.146,0.451,0.739,119.262,0.003
battery-n800,800,config,upper-tmax-tmin9000,spatial_term,upper-tmax-tmin9000,0,2,12,0,22400,0.839,562,5,0.476,63.42,0.189,0.914,0.741,13437,960,120.76,0.146,0.417,0.729,119.272,0.003
battery-n800,800,config,upper-tmax-tmin9000,spatial_term,upper-tmax-tmin9000,0,3,12,0,22400,0.839,562,5,0.476,63.42,0.189,0.914,0.741,13437,960,120.8,0.156,0.417,0.713,119.337,0.003
battery-n800,800,config,tmin-scaled,spatial_term,tmin-scaled,0,1,14,0,25532,0.708,1037,90,0.612,102.79,0.21,0.804,0.635,16592,8520,120.85,0.147,0.505,0.71,119.293,0.003
battery-n800,800,config,tmin-scaled,spatial_term,tmin-scaled,0,2,14,0,25664,0.708,1102,80,0.612,111.93,0.211,0.805,0.635,16724,9000,120.77,0.147,0.426,0.762,119.241,0.005
battery-n800,800,config,tmin-scaled,spatial_term,tmin-scaled,0,3,14,0,25664,0.708,1102,80,0.612,111.93,0.211,0.805,0.635,16724,9000,120.91,0.168,0.514,0.793,119.21,0.003
battery-n800,800,config,service-floor,spatial_term,service-floor,0,1,15,0,22116,0.443,1174,8,0.399,51.33,0.187,0.729,0.593,13188,12600,120.74,0.148,0.417,0.72,119.281,0.003
battery-n800,800,config,service-floor,spatial_term,service-floor,0,2,15,0,22116,0.443,1174,8,0.399,51.33,0.187,0.729,0.593,13188,12600,120.89,0.147,0.55,0.724,119.278,0.003
battery-n800,800,config,service-floor,spatial_term,service-floor,0,3,15,0,22116,0.443,1174,8,0.399,51.33,0.187,0.729,0.593,13188,12600,120.74,0.146,0.429,0.703,119.298,0.003
battery-n800,800,config,tmin-scaled+exempt-last,spatial_term,tmin-scaled+exempt-last,0,1,14,0,25532,0.726,1037,90,0.612,102.79,0.21,0.804,0.635,16592,8520,120.82,0.148,0.474,0.713,119.29,0.003
battery-n800,800,config,tmin-scaled+exempt-last,spatial_term,tmin-scaled+exempt-last,0,2,14,0,25532,0.726,1037,90,0.612,102.79,0.21,0.804,0.635,16592,8520,120.75,0.146,0.426,0.734,119.275,0.003
battery-n800,800,config,tmin-scaled+exempt-last,spatial_term,tmin-scaled+exempt-last,0,3,14,0,25608,0.726,1113,87,0.612,108.0,0.211,0.804,0.635,16668,9000,120.79,0.146,0.453,0.747,119.257,0.003
battery-n800,800,config,span-c100,spatial_term,actual,100,1,12,0,20111,0.855,572,24,0.694,72.75,0.173,0.896,0.741,11148,720,120.79,0.146,0.453,1.049,118.953,0.003
battery-n800,800,config,span-c100,spatial_term,actual,100,2,12,0,20111,0.855,572,24,0.694,72.75,0.173,0.896,0.741,11148,720,120.82,0.146,0.498,1.035,118.967,0.003
battery-n800,800,config,span-c100,spatial_term,actual,100,3,12,0,20111,0.855,559,25,0.694,72.67,0.173,0.896,0.741,11148,480,120.77,0.148,0.416,1.025,118.978,0.003
battery-n800,800,algo,global,global,actual,0,1,12,0,20330,0.844,594,39,0.38,107.75,0.175,0.897,0.741,11367,0,120.33,0.151,0.002,0.419,119.582,0.003
battery-n800,800,algo,global,global,actual,0,2,12,0,20324,0.844,595,39,0.38,107.75,0.175,0.898,0.741,11361,0,120.34,0.148,0.002,0.392,119.609,0.003
battery-n800,800,algo,global,global,actual,0,3,12,0,20330,0.844,594,39,0.38,107.75,0.175,0.897,0.741,11367,0,120.32,0.147,0.002,0.408,119.593,0.003
battery-n800,800,algo,greedy,greedy,actual,0,1,12,0,23728,0.178,2432,67,0.65,105.83,0.198,0.924,0.741,14765,7920,0.08,0.0,0.0,0.0,0.0,0.0
battery-n800,800,algo,greedy,greedy,actual,0,2,12,0,23728,0.178,2432,67,0.65,105.83,0.198,0.924,0.741,14765,7920,0.07,0.0,0.0,0.0,0.0,0.0
battery-n800,800,algo,greedy,greedy,actual,0,3,12,0,23728,0.178,2432,67,0.65,105.83,0.198,0.924,0.741,14765,7920,0.07,0.0,0.0,0.0,0.0,0.0
battery-n1000,1000,config,actual,spatial_term,actual,0,1,15,0,26579,0.852,482,57,0.321,82.07,0.181,0.905,0.741,15627,1560,121.13,0.241,0.657,1.069,118.935,0.004
battery-n1000,1000,config,actual,spatial_term,actual,0,2,15,0,26657,0.836,561,56,0.477,81.27,0.182,0.905,0.741,15705,1560,121.3,0.231,0.818,1.132,118.873,0.004
battery-n1000,1000,config,actual,spatial_term,actual,0,3,15,0,26613,0.838,502,57,0.576,82.4,0.182,0.905,0.741,15661,1560,121.3,0.232,0.822,1.102,118.901,0.004
battery-n1000,1000,config,upper-tmax-tmin9000,spatial_term,upper-tmax-tmin9000,0,1,15,0,28670,0.842,633,5,0.355,66.53,0.193,0.918,0.741,17718,1800,121.12,0.23,0.666,1.095,118.909,0.004
battery-n1000,1000,config,upper-tmax-tmin9000,spatial_term,upper-tmax-tmin9000,0,2,15,0,28670,0.842,633,5,0.355,66.53,0.193,0.918,0.741,17718,1800,121.23,0.23,0.757,1.128,118.876,0.004
battery-n1000,1000,config,upper-tmax-tmin9000,spatial_term,upper-tmax-tmin9000,0,3,15,0,28670,0.842,633,5,0.355,66.53,0.193,0.918,0.741,17718,1800,121.12,0.231,0.645,1.11,118.893,0.004
battery-n1000,1000,config,tmin-scaled,spatial_term,tmin-scaled,0,1,16,0,28737,0.73,983,61,0.802,117.25,0.193,0.861,0.694,17796,5400,121.14,0.232,0.665,1.081,118.922,0.004
battery-n1000,1000,config,tmin-scaled,spatial_term,tmin-scaled,0,2,16,0,29444,0.733,1011,70,0.636,113.88,0.197,0.865,0.694,18503,6600,121.3,0.232,0.854,1.148,118.854,0.004
battery-n1000,1000,config,tmin-scaled,spatial_term,tmin-scaled,0,3,16,0,28750,0.733,976,63,0.804,117.12,0.193,0.861,0.694,17809,5280,121.14,0.231,0.664,1.072,118.935,0.004
battery-n1000,1000,config,service-floor,spatial_term,service-floor,0,1,19,0,25569,0.523,1035,8,0.288,29.84,0.176,0.709,0.585,14662,17520,121.15,0.23,0.684,1.089,118.914,0.004
battery-n1000,1000,config,service-floor,spatial_term,service-floor,0,2,19,0,25574,0.523,1031,8,0.288,30.42,0.176,0.71,0.585,14667,17520,121.34,0.233,0.899,1.136,118.867,0.004
battery-n1000,1000,config,service-floor,spatial_term,service-floor,0,3,19,0,25528,0.523,1059,9,0.288,29.84,0.175,0.709,0.585,14621,17520,121.3,0.231,0.831,1.098,118.904,0.004
battery-n1000,1000,config,tmin-scaled+exempt-last,spatial_term,tmin-scaled+exempt-last,0,1,16,0,29444,0.733,1011,70,0.636,113.88,0.197,0.865,0.694,18503,6600,121.24,0.23,0.757,1.159,118.845,0.004
battery-n1000,1000,config,tmin-scaled+exempt-last,spatial_term,tmin-scaled+exempt-last,0,2,16,0,28866,0.753,965,63,0.661,109.69,0.194,0.862,0.694,17925,5640,121.18,0.23,0.724,1.086,118.92,0.004
battery-n1000,1000,config,tmin-scaled+exempt-last,spatial_term,tmin-scaled+exempt-last,0,3,16,0,28750,0.751,976,63,0.804,117.12,0.193,0.861,0.694,17809,5280,121.15,0.229,0.679,1.065,118.938,0.004
battery-n1000,1000,config,span-c100,spatial_term,actual,100,1,14,0,24957,0.88,430,49,0.502,105.86,0.172,0.959,0.794,13994,360,121.15,0.231,0.683,1.689,118.299,0.004
battery-n1000,1000,config,span-c100,spatial_term,actual,100,2,14,0,24957,0.88,430,49,0.502,105.86,0.172,0.959,0.794,13994,360,121.18,0.235,0.686,1.614,118.39,0.004
battery-n1000,1000,config,span-c100,spatial_term,actual,100,3,14,0,24957,0.88,430,49,0.502,105.86,0.172,0.959,0.794,13994,360,121.15,0.238,0.68,1.642,118.362,0.004
battery-n1000,1000,algo,global,global,actual,0,1,14,0,23110,0.844,540,52,0.502,73.07,0.161,0.946,0.794,12147,0,120.48,0.23,0.002,0.609,119.393,0.004
battery-n1000,1000,algo,global,global,actual,0,2,14,0,23110,0.844,540,52,0.502,73.07,0.161,0.946,0.794,12147,0,120.48,0.234,0.002,0.588,119.415,0.004
battery-n1000,1000,algo,global,global,actual,0,3,14,0,23110,0.844,540,52,0.502,73.07,0.161,0.946,0.794,12147,0,120.46,0.231,0.002,0.587,119.416,0.004
battery-n1000,1000,algo,greedy,greedy,actual,0,1,14,0,28302,0.863,370,67,0.42,116.5,0.191,0.981,0.794,17339,240,0.09,0.0,0.0,0.0,0.0,0.0
battery-n1000,1000,algo,greedy,greedy,actual,0,2,14,0,28302,0.863,370,67,0.42,116.5,0.191,0.981,0.794,17339,240,0.09,0.0,0.0,0.0,0.0,0.0
battery-n1000,1000,algo,greedy,greedy,actual,0,3,14,0,28302,0.863,370,67,0.42,116.5,0.191,0.981,0.794,17339,240,0.09,0.0,0.0,0.0,0.0,0.0
battery-sparse-n250,250,config,actual,spatial_term,actual,0,1,5,0,15734,0.946,221,2,0.129,37.4,0.344,0.847,0.556,7324,6000,120.15,0.014,0.047,0.087,119.919,0.001
battery-sparse-n250,250,config,actual,spatial_term,actual,0,2,5,0,15734,0.946,221,2,0.129,37.4,0.344,0.847,0.556,7324,6000,120.11,0.014,0.04,0.083,119.919,0.001
battery-sparse-n250,250,config,actual,spatial_term,actual,0,3,5,0,15734,0.946,221,2,0.129,37.4,0.344,0.847,0.556,7324,6000,120.16,0.015,0.04,0.088,119.958,0.001
battery-sparse-n250,250,config,upper-tmax-tmin9000,spatial_term,upper-tmax-tmin9000,0,1,5,0,17231,0.905,417,2,0.202,11.4,0.365,0.875,0.556,8821,6001,120.12,0.014,0.043,0.085,119.918,0.001
battery-sparse-n250,250,config,upper-tmax-tmin9000,spatial_term,upper-tmax-tmin9000,0,2,5,0,17231,0.905,417,2,0.202,11.4,0.365,0.875,0.556,8821,6001,120.12,0.014,0.045,0.084,119.918,0.001
battery-sparse-n250,250,config,upper-tmax-tmin9000,spatial_term,upper-tmax-tmin9000,0,3,5,0,17231,0.905,417,2,0.202,11.4,0.365,0.875,0.556,8821,6001,120.11,0.014,0.04,0.086,119.916,0.001
battery-sparse-n250,250,config,tmin-scaled,spatial_term,tmin-scaled,0,1,8,0,14727,0.779,413,1,0.209,9.38,0.329,0.517,0.347,6420,27601,120.12,0.014,0.048,0.088,119.913,0.001
battery-sparse-n250,250,config,tmin-scaled,spatial_term,tmin-scaled,0,2,8,0,14727,0.779,413,1,0.209,9.38,0.329,0.517,0.347,6420,27601,120.13,0.014,0.041,0.087,119.914,0.001
battery-sparse-n250,250,config,tmin-scaled,spatial_term,tmin-scaled,0,3,8,0,14727,0.779,413,1,0.209,9.38,0.329,0.517,0.347,6420,27601,120.11,0.014,0.04,0.088,119.913,0.001
battery-sparse-n250,250,config,service-floor,spatial_term,service-floor,0,1,6,0,15249,0.653,1198,1,0.143,7.0,0.337,0.698,0.463,6873,13200,120.12,0.015,0.044,0.083,119.919,0.001
battery-sparse-n250,250,config,service-floor,spatial_term,service-floor,0,2,6,0,15249,0.653,1198,1,0.143,7.0,0.337,0.698,0.463,6873,13200,120.06,0.014,0.04,0.084,119.86,0.001
battery-sparse-n250,250,config,service-floor,spatial_term,service-floor,0,3,6,0,15249,0.653,1198,1,0.143,7.0,0.337,0.698,0.463,6873,13200,120.11,0.016,0.04,0.085,119.914,0.001
battery-sparse-n250,250,config,tmin-scaled+exempt-last,spatial_term,tmin-scaled+exempt-last,0,1,8,0,14727,0.847,413,1,0.209,9.38,0.329,0.517,0.347,6420,27601,120.11,0.014,0.044,0.086,119.913,0.001
battery-sparse-n250,250,config,tmin-scaled+exempt-last,spatial_term,tmin-scaled+exempt-last,0,2,8,0,14727,0.847,413,1,0.209,9.38,0.329,0.517,0.347,6420,27601,120.11,0.015,0.04,0.085,119.917,0.001
battery-sparse-n250,250,config,tmin-scaled+exempt-last,spatial_term,tmin-scaled+exempt-last,0,3,8,0,14727,0.847,413,1,0.209,9.38,0.329,0.517,0.347,6420,27601,120.11,0.014,0.04,0.088,119.912,0.001
battery-sparse-n250,250,config,span-c100,spatial_term,actual,100,1,5,0,15070,0.98,68,2,0.406,23.8,0.334,0.835,0.556,6660,6000,120.15,0.014,0.046,0.112,119.889,0.001
battery-sparse-n250,250,config,span-c100,spatial_term,actual,100,2,5,0,15070,0.98,68,2,0.406,23.8,0.334,0.835,0.556,6660,6000,120.11,0.014,0.041,0.113,119.888,0.001
battery-sparse-n250,250,config,span-c100,spatial_term,actual,100,3,5,0,15070,0.98,68,2,0.406,23.8,0.334,0.835,0.556,6660,6000,120.11,0.015,0.041,0.118,119.883,0.001
battery-sparse-n250,250,algo,global,global,actual,0,1,5,0,14938,0.987,48,17,0.172,6.6,0.332,0.832,0.556,6528,6000,120.06,0.014,0.001,0.046,119.943,0.001
battery-sparse-n250,250,algo,global,global,actual,0,2,5,0,15088,0.976,74,17,0.163,18.0,0.335,0.835,0.556,6678,6000,120.07,0.014,0.001,0.046,119.953,0.001
battery-sparse-n250,250,algo,global,global,actual,0,3,5,0,14977,0.988,40,15,0.17,8.0,0.333,0.833,0.556,6567,6000,120.07,0.014,0.001,0.046,119.954,0.001
battery-sparse-n250,250,algo,greedy,greedy,actual,0,1,5,0,18489,0.572,1782,25,0.36,42.6,0.381,0.898,0.556,10079,6840,0.02,0.0,0.0,0.0,0.0,0.0
battery-sparse-n250,250,algo,greedy,greedy,actual,0,2,5,0,18489,0.572,1782,25,0.36,42.6,0.381,0.898,0.556,10079,6840,0.02,0.0,0.0,0.0,0.0,0.0
battery-sparse-n250,250,algo,greedy,greedy,actual,0,3,5,0,18489,0.572,1782,25,0.36,42.6,0.381,0.898,0.556,10079,6840,0.02,0.0,0.0,0.0,0.0,0.0
battery-sparse-n500,500,config,actual,spatial_term,actual,0,1,9,0,22943,0.836,588,13,0.576,73.67,0.277,0.853,0.617,13501,5761,120.36,0.057,0.17,0.31,119.692,0.002
battery-sparse-n500,500,config,actual,spatial_term,actual,0,2,9,0,23210,0.844,565,10,0.576,77.89,0.279,0.856,0.617,13768,5642,120.36,0.057,0.197,0.314,119.686,0.002
battery-sparse-n500,500,config,actual,spatial_term,actual,0,3,9,0,23083,0.844,572,13,0.587,76.89,0.278,0.855,0.617,13641,5640,120.34,0.057,0.167,0.298,119.704,0.002
battery-sparse-n500,500,config,upper-tmax-tmin9000,spatial_term,upper-tmax-tmin9000,0,1,8,0,21664,0.875,439,4,0.295,23.62,0.265,0.945,0.694,12202,600,120.37,0.055,0.185,0.323,119.678,0.002
battery-sparse-n500,500,config,upper-tmax-tmin9000,spatial_term,upper-tmax-tmin9000,0,2,8,0,21664,0.875,439,4,0.295,23.62,0.265,0.945,0.694,12202,600,120.36,0.055,0.197,0.313,119.688,0.002
battery-sparse-n500,500,config,upper-tmax-tmin9000,spatial_term,upper-tmax-tmin9000,0,3,8,0,20950,0.851,513,4,0.144,23.25,0.259,0.937,0.694,11488,1320,120.31,0.058,0.164,0.293,119.688,0.002
battery-sparse-n500,500,config,tmin-scaled,spatial_term,tmin-scaled,0,1,12,0,22669,0.815,422,5,0.397,40.17,0.274,0.638,0.463,13284,26400,120.4,0.058,0.218,0.304,119.697,0.002
battery-sparse-n500,500,config,tmin-scaled,spatial_term,tmin-scaled,0,2,12,0,22927,0.775,491,8,0.466,40.67,0.276,0.64,0.463,13542,26400,120.36,0.056,0.192,0.304,119.697,0.002
battery-sparse-n500,500,config,tmin-scaled,spatial_term,tmin-scaled,0,3,12,0,22157,0.826,423,6,0.405,40.33,0.27,0.634,0.463,12772,26400,120.35,0.057,0.166,0.302,119.699,0.002
battery-sparse-n500,500,config,service-floor,spatial_term,service-floor,0,1,10,0,20613,0.807,562,1,0.231,13.5,0.256,0.746,0.556,11190,12000,120.37,0.057,0.201,0.303,119.698,0.002
battery-sparse-n500,500,config,service-floor,spatial_term,service-floor,0,2,10,0,20613,0.807,562,1,0.231,13.5,0.256,0.746,0.556,11190,12000,120.37,0.058,0.205,0.311,119.689,0.002
battery-sparse-n500,500,config,service-floor,spatial_term,service-floor,0,3,10,0,20613,0.807,562,1,0.231,13.5,0.256,0.746,0.556,11190,12000,120.35,0.056,0.165,0.31,119.69,0.002
battery-sparse-n500,500,config,tmin-scaled+exempt-last,spatial_term,tmin-scaled+exempt-last,0,1,12,0,22135,0.825,446,6,0.405,38.25,0.269,0.634,0.463,12750,26400,120.33,0.057,0.169,0.302,119.698,0.002
battery-sparse-n500,500,config,tmin-scaled+exempt-last,spatial_term,tmin-scaled+exempt-last,0,2,12,0,21998,0.841,453,6,0.405,37.92,0.268,0.633,0.463,12613,26400,120.36,0.057,0.17,0.3,119.729,0.002
battery-sparse-n500,500,config,tmin-scaled+exempt-last,spatial_term,tmin-scaled+exempt-last,0,3,12,0,22013,0.841,453,6,0.405,37.92,0.268,0.633,0.463,12628,26400,120.38,0.057,0.2,0.298,119.703,0.002
battery-sparse-n500,500,config,span-c100,spatial_term,actual,100,1,8,0,19755,0.9,307,5,0.449,51.75,0.248,0.923,0.694,10293,601,120.33,0.056,0.166,0.413,119.587,0.002
battery-sparse-n500,500,config,span-c100,spatial_term,actual,100,2,8,0,19755,0.9,307,5,0.449,51.75,0.248,0.923,0.694,10293,601,120.34,0.058,0.168,0.429,119.572,0.002
battery-sparse-n500,500,config,span-c100,spatial_term,actual,100,3,8,0,19755,0.9,307,5,0.449,51.75,0.248,0.923,0.694,10293,601,120.36,0.057,0.168,0.412,119.59,0.002
battery-sparse-n500,500,algo,global,global,actual,0,1,8,0,19230,0.872,428,22,0.264,42.0,0.243,0.917,0.694,9768,960,120.17,0.058,0.001,0.157,119.844,0.002
battery-sparse-n500,500,algo,global,global,actual,0,2,8,0,19266,0.874,426,21,0.264,42.0,0.243,0.917,0.694,9804,960,120.17,0.056,0.001,0.165,119.839,0.002
battery-sparse-n500,500,algo,global,global,actual,0,3,8,0,19230,0.872,428,22,0.264,42.0,0.243,0.917,0.694,9768,960,120.19,0.057,0.001,0.157,119.844,0.002
battery-sparse-n500,500,algo,greedy,greedy,actual,0,1,8,0,23436,0.804,671,35,0.57,62.5,0.281,0.966,0.694,13974,4080,0.04,0.0,0.0,0.0,0.0,0.0
battery-sparse-n500,500,algo,greedy,greedy,actual,0,2,8,0,23436,0.804,671,35,0.57,62.5,0.281,0.966,0.694,13974,4080,0.04,0.0,0.0,0.0,0.0,0.0
battery-sparse-n500,500,algo,greedy,greedy,actual,0,3,8,0,23436,0.804,671,35,0.57,62.5,0.281,0.966,0.694,13974,4080,0.04,0.0,0.0,0.0,0.0,0.0
area-26-n157,157,config,actual,spatial_term,actual,0,1,3,0,4962,0.877,456,0,0.11,4.33,0.208,0.734,0.581,2579,2760,120.11,0.006,0.016,0.042,120.011,0.001
area-26-n157,157,config,actual,spatial_term,actual,0,2,3,0,4962,0.877,456,0,0.11,4.33,0.208,0.734,0.581,2579,2760,120.06,0.006,0.018,0.042,119.96,0.001
area-26-n157,157,config,actual,spatial_term,actual,0,3,3,0,4962,0.877,456,0,0.11,4.33,0.208,0.734,0.581,2579,2760,120.06,0.006,0.019,0.042,119.959,0.001
area-26-n157,157,config,upper-tmax-tmin9000,spatial_term,upper-tmax-tmin9000,0,1,3,0,8140,0.995,17,2,0.107,8.0,0.302,0.833,0.581,5757,3000,120.07,0.006,0.018,0.044,119.965,0.001
area-26-n157,157,config,upper-tmax-tmin9000,spatial_term,upper-tmax-tmin9000,0,2,3,0,8140,0.995,17,2,0.107,8.0,0.302,0.833,0.581,5757,3000,120.06,0.006,0.018,0.042,119.959,0.001
area-26-n157,157,config,upper-tmax-tmin9000,spatial_term,upper-tmax-tmin9000,0,3,3,0,8140,0.995,17,2,0.107,8.0,0.302,0.833,0.581,5757,3000,120.06,0.006,0.019,0.042,119.959,0.001
area-26-n157,157,config,tmin-scaled,spatial_term,tmin-scaled,0,1,4,0,4898,0.815,525,0,0.227,6.0,0.206,0.549,0.436,2530,9960,120.06,0.006,0.019,0.042,119.96,0.001
area-26-n157,157,config,tmin-scaled,spatial_term,tmin-scaled,0,2,4,0,4898,0.815,525,0,0.227,6.0,0.206,0.549,0.436,2530,9960,120.06,0.006,0.019,0.041,119.96,0.001
area-26-n157,157,config,tmin-scaled,spatial_term,tmin-scaled,0,3,4,0,4898,0.815,525,0,0.227,6.0,0.206,0.549,0.436,2530,9960,120.05,0.006,0.018,0.042,119.944,0.001
area-26-n157,157,config,service-floor,spatial_term,service-floor,0,1,3,0,4391,0.834,586,0,0.048,4.0,0.189,0.717,0.581,2008,2760,120.06,0.006,0.017,0.043,119.958,0.001
area-26-n157,157,config,service-floor,spatial_term,service-floor,0,2,3,0,4391,0.834,586,0,0.048,4.0,0.189,0.717,0.581,2008,2760,120.08,0.006,0.019,0.044,119.958,0.001
area-26-n157,157,config,service-floor,spatial_term,service-floor,0,3,3,0,4391,0.834,586,0,0.048,4.0,0.189,0.717,0.581,2008,2760,120.06,0.006,0.016,0.042,119.96,0.001
area-26-n157,157,config,tmin-scaled+exempt-last,spatial_term,tmin-scaled+exempt-last,0,1,4,0,4898,0.857,525,0,0.227,6.0,0.206,0.549,0.436,2530,9960,120.06,0.006,0.016,0.042,119.959,0.001
area-26-n157,157,config,tmin-scaled+exempt-last,spatial_term,tmin-scaled+exempt-last,0,2,4,0,4898,0.857,525,0,0.227,6.0,0.206,0.549,0.436,2530,9960,120.06,0.006,0.016,0.043,119.958,0.001
area-26-n157,157,config,tmin-scaled+exempt-last,spatial_term,tmin-scaled+exempt-last,0,3,4,0,4898,0.857,525,0,0.227,6.0,0.206,0.549,0.436,2530,9960,120.06,0.006,0.017,0.048,119.953,0.001
area-26-n157,157,config,span-c100,spatial_term,actual,100,1,3,0,4614,0.842,640,4,0.133,6.67,0.197,0.724,0.581,2231,3120,120.06,0.006,0.016,0.053,119.948,0.001
area-26-n157,157,config,span-c100,spatial_term,actual,100,2,3,0,4614,0.842,640,4,0.133,6.67,0.197,0.724,0.581,2231,3120,120.08,0.006,0.016,0.053,119.972,0.001
area-26-n157,157,config,span-c100,spatial_term,actual,100,3,3,0,4614,0.842,640,4,0.133,6.67,0.197,0.724,0.581,2231,3120,120.06,0.006,0.016,0.053,119.949,0.001
area-26-n157,157,algo,global,global,actual,0,1,3,0,4642,0.889,384,4,0.036,4.33,0.198,0.725,0.581,2259,2760,120.05,0.006,0.001,0.024,119.978,0.001
area-26-n157,157,algo,global,global,actual,0,2,3,0,4642,0.889,384,4,0.036,4.33,0.198,0.725,0.581,2259,2760,120.04,0.006,0.001,0.024,119.977,0.001
area-26-n157,157,algo,global,global,actual,0,3,3,0,4642,0.889,384,4,0.036,4.33,0.198,0.725,0.581,2259,2760,120.04,0.006,0.001,0.024,119.977,0.001
area-26-n157,157,algo,greedy,greedy,actual,0,1,3,0,5900,0.301,3540,16,0.36,31.0,0.238,0.764,0.581,3517,5880,0.01,0.0,0.0,0.0,0.0,0.0
area-26-n157,157,algo,greedy,greedy,actual,0,2,3,0,5900,0.301,3540,16,0.36,31.0,0.238,0.764,0.581,3517,5880,0.01,0.0,0.0,0.0,0.0,0.0
area-26-n157,157,algo,greedy,greedy,actual,0,3,3,0,5900,0.301,3540,16,0.36,31.0,0.238,0.764,0.581,3517,5880,0.01,0.0,0.0,0.0,0.0,0.0
area-27-n72,72,config,actual,spatial_term,actual,0,1,2,0,5738,1.0,0,6,0.631,25.5,0.399,0.666,0.4,5207,5760,120.03,0.001,0.004,0.014,119.987,0.0
area-27-n72,72,config,actual,spatial_term,actual,0,2,2,0,5738,1.0,0,6,0.631,25.5,0.399,0.666,0.4,5207,5760,120.03,0.002,0.004,0.015,119.987,0.0
area-27-n72,72,config,actual,spatial_term,actual,0,3,2,0,5738,1.0,0,6,0.631,25.5,0.399,0.666,0.4,5207,5760,120.04,0.002,0.004,0.015,119.987,0.0
area-27-n72,72,config,upper-tmax-tmin9000,spatial_term,upper-tmax-tmin9000,0,1,2,0,9332,1.0,2,27,0.646,26.0,0.519,0.832,0.4,8801,5760,120.05,0.002,0.004,0.014,120.01,0.0
area-27-n72,72,config,upper-tmax-tmin9000,spatial_term,upper-tmax-tmin9000,0,2,2,0,9332,1.0,2,27,0.646,26.0,0.519,0.832,0.4,8801,5760,120.03,0.002,0.004,0.015,119.987,0.0
area-27-n72,72,config,upper-tmax-tmin9000,spatial_term,upper-tmax-tmin9000,0,3,2,0,9332,1.0,2,27,0.646,26.0,0.519,0.832,0.4,8801,5760,120.03,0.002,0.004,0.014,119.987,0.0
area-27-n72,72,config,tmin-scaled,spatial_term,tmin-scaled,0,1,2,0,1045,0.794,556,0,0.0,0.0,0.108,0.449,0.4,514,5760,120.03,0.002,0.004,0.015,119.987,0.0
area-27-n72,72,config,tmin-scaled,spatial_term,tmin-scaled,0,2,2,0,1045,0.794,556,0,0.0,0.0,0.108,0.449,0.4,514,5760,120.03,0.002,0.004,0.015,119.987,0.0
area-27-n72,72,config,tmin-scaled,spatial_term,tmin-scaled,0,3,2,0,1045,0.794,556,0,0.0,0.0,0.108,0.449,0.4,514,5760,120.03,0.002,0.005,0.014,119.987,0.0
area-27-n72,72,config,service-floor,spatial_term,service-floor,0,1,2,0,1039,0.793,560,0,0.0,0.0,0.107,0.448,0.4,508,5760,120.03,0.002,0.004,0.014,119.987,0.0
area-27-n72,72,config,service-floor,spatial_term,service-floor,0,2,2,0,1039,0.793,560,0,0.0,0.0,0.107,0.448,0.4,508,5760,120.03,0.002,0.004,0.014,119.989,0.0
area-27-n72,72,config,service-floor,spatial_term,service-floor,0,3,2,0,1039,0.793,560,0,0.0,0.0,0.107,0.448,0.4,508,5760,120.04,0.002,0.004,0.014,119.997,0.0
area-27-n72,72,config,tmin-scaled+exempt-last,spatial_term,tmin-scaled+exempt-last,0,1,2,0,1045,1.0,556,0,0.0,0.0,0.108,0.449,0.4,514,5760,120.03,0.002,0.004,0.014,119.988,0.0
area-27-n72,72,config,tmin-scaled+exempt-last,spatial_term,tmin-scaled+exempt-last,0,2,2,0,1045,1.0,556,0,0.0,0.0,0.108,0.449,0.4,514,5760,120.03,0.002,0.004,0.014,119.989,0.0
area-27-n72,72,config,tmin-scaled+exempt-last,spatial_term,tmin-scaled+exempt-last,0,3,2,0,1045,1.0,556,0,0.0,0.0,0.108,0.449,0.4,514,5760,120.03,0.002,0.004,0.014,119.987,0.0
area-27-n72,72,config,span-c100,spatial_term,actual,100,1,2,0,5738,1.0,1,16,0.379,9.0,0.399,0.666,0.4,5207,5760,120.03,0.002,0.004,0.017,119.985,0.0
area-27-n72,72,config,span-c100,spatial_term,actual,100,2,2,0,5738,1.0,1,16,0.379,9.0,0.399,0.666,0.4,5207,5760,120.03,0.002,0.004,0.017,119.984,0.0
area-27-n72,72,config,span-c100,spatial_term,actual,100,3,2,0,5738,1.0,1,16,0.379,9.0,0.399,0.666,0.4,5207,5760,120.03,0.002,0.004,0.017,119.985,0.0
area-27-n72,72,algo,global,global,actual,0,1,2,0,5738,0.999,3,27,0.373,8.5,0.399,0.665,0.4,5207,5760,120.03,0.002,0.0,0.009,119.996,0.0
area-27-n72,72,algo,global,global,actual,0,2,2,0,5738,0.999,3,27,0.373,8.5,0.399,0.665,0.4,5207,5760,120.02,0.002,0.0,0.009,119.985,0.0
area-27-n72,72,algo,global,global,actual,0,3,2,0,5738,0.999,3,27,0.373,8.5,0.399,0.665,0.4,5207,5760,120.02,0.002,0.0,0.009,119.993,0.0
area-27-n72,72,algo,greedy,greedy,actual,0,1,1,0,2024,1.0,0,20,0.0,0.0,0.19,0.987,0.8,1485,0,0.01,0.0,0.0,0.0,0.0,0.0
area-27-n72,72,algo,greedy,greedy,actual,0,2,1,0,2024,1.0,0,20,0.0,0.0,0.19,0.987,0.8,1485,0,0.01,0.0,0.0,0.0,0.0,0.0
area-27-n72,72,algo,greedy,greedy,actual,0,3,1,0,2024,1.0,0,20,0.0,0.0,0.19,0.987,0.8,1485,0,0.01,0.0,0.0,0.0,0.0,0.0
area-29-n43,43,config,actual,spatial_term,actual,0,1,1,0,2022,1.0,0,0,0.0,0.0,0.282,0.665,0.478,1634,2040,94.02,0.001,0.002,0.007,93.995,0.0
area-29-n43,43,config,actual,spatial_term,actual,0,2,1,0,2022,1.0,0,0,0.0,0.0,0.282,0.665,0.478,1634,2040,94.02,0.001,0.002,0.007,93.996,0.0
area-29-n43,43,config,actual,spatial_term,actual,0,3,1,0,2022,1.0,0,0,0.0,0.0,0.282,0.665,0.478,1634,2040,94.02,0.001,0.002,0.007,93.995,0.0
area-29-n43,43,config,upper-tmax-tmin9000,spatial_term,upper-tmax-tmin9000,0,1,1,0,3821,1.0,0,15,0.0,0.0,0.425,0.832,0.478,3433,2040,94.02,0.001,0.001,0.007,93.995,0.0
area-29-n43,43,config,upper-tmax-tmin9000,spatial_term,upper-tmax-tmin9000,0,2,1,0,3821,1.0,0,15,0.0,0.0,0.425,0.832,0.478,3433,2040,94.02,0.001,0.001,0.006,93.995,0.0
area-29-n43,43,config,upper-tmax-tmin9000,spatial_term,upper-tmax-tmin9000,0,3,1,0,3821,1.0,0,15,0.0,0.0,0.425,0.832,0.478,3433,2040,94.02,0.001,0.002,0.007,93.995,0.0
area-29-n43,43,config,tmin-scaled,spatial_term,tmin-scaled,0,1,2,0,935,0.659,628,0,0.0,0.0,0.153,0.282,0.239,556,9240,94.02,0.001,0.001,0.007,93.996,0.0
area-29-n43,43,config,tmin-scaled,spatial_term,tmin-scaled,0,2,2,0,935,0.659,628,0,0.0,0.0,0.153,0.282,0.239,556,9240,93.99,0.001,0.001,0.007,93.967,0.0
area-29-n43,43,config,tmin-scaled,spatial_term,tmin-scaled,0,3,2,0,935,0.659,628,0,0.0,0.0,0.153,0.282,0.239,556,9240,94.01,0.001,0.001,0.007,93.99,0.0
area-29-n43,43,config,service-floor,spatial_term,service-floor,0,1,1,0,999,1.0,0,0,0.0,0.0,0.162,0.57,0.478,611,2040,94.02,0.001,0.001,0.006,93.996,0.0
area-29-n43,43,config,service-floor,spatial_term,service-floor,0,2,1,0,999,1.0,0,0,0.0,0.0,0.162,0.57,0.478,611,2040,94.02,0.001,0.002,0.007,93.993,0.0
area-29-n43,43,config,service-floor,spatial_term,service-floor,0,3,1,0,999,1.0,0,0,0.0,0.0,0.162,0.57,0.478,611,2040,94.02,0.001,0.001,0.006,93.995,0.0
area-29-n43,43,config,tmin-scaled+exempt-last,spatial_term,tmin-scaled+exempt-last,0,1,2,0,895,1.0,2412,0,0.0,0.0,0.148,0.281,0.239,516,9240,94.02,0.001,0.002,0.007,93.995,0.0
area-29-n43,43,config,tmin-scaled+exempt-last,spatial_term,tmin-scaled+exempt-last,0,2,2,0,895,1.0,2412,0,0.0,0.0,0.148,0.281,0.239,516,9240,94.03,0.003,0.002,0.007,93.993,0.0
area-29-n43,43,config,tmin-scaled+exempt-last,spatial_term,tmin-scaled+exempt-last,0,3,2,0,895,1.0,2412,0,0.0,0.0,0.148,0.281,0.239,516,9240,94.02,0.001,0.001,0.007,93.995,0.0
area-29-n43,43,config,span-c100,spatial_term,actual,100,1,1,0,2022,1.0,0,8,0.0,0.0,0.282,0.665,0.478,1634,2040,94.02,0.001,0.001,0.008,93.993,0.0
area-29-n43,43,config,span-c100,spatial_term,actual,100,2,1,0,2022,1.0,0,8,0.0,0.0,0.282,0.665,0.478,1634,2040,94.02,0.001,0.002,0.007,93.994,0.0
area-29-n43,43,config,span-c100,spatial_term,actual,100,3,1,0,2022,1.0,0,8,0.0,0.0,0.282,0.665,0.478,1634,2040,94.01,0.001,0.002,0.008,93.988,0.0
area-29-n43,43,algo,global,global,actual,0,1,1,0,2023,1.0,0,30,0.0,0.0,0.282,0.665,0.478,1635,2040,94.02,0.001,0.0,0.004,93.996,0.0
area-29-n43,43,algo,global,global,actual,0,2,1,0,2023,1.0,0,30,0.0,0.0,0.282,0.665,0.478,1635,2040,94.02,0.001,0.0,0.004,93.997,0.0
area-29-n43,43,algo,global,global,actual,0,3,1,0,2023,1.0,0,30,0.0,0.0,0.282,0.665,0.478,1635,2040,94.02,0.001,0.0,0.004,93.997,0.0
area-29-n43,43,algo,greedy,greedy,actual,0,1,1,0,1007,1.0,0,12,0.0,0.0,0.163,0.571,0.478,619,2040,0.0,0.0,0.0,0.0,0.0,0.0
area-29-n43,43,algo,greedy,greedy,actual,0,2,1,0,1007,1.0,0,12,0.0,0.0,0.163,0.571,0.478,619,2040,0.0,0.0,0.0,0.0,0.0,0.0
area-29-n43,43,algo,greedy,greedy,actual,0,3,1,0,1007,1.0,0,12,0.0,0.0,0.163,0.571,0.478,619,2040,0.0,0.0,0.0,0.0,0.0,0.0
reference-n1607,1607,config,actual,spatial_term,actual,0,1,25,0,60566,0.833,631,89,0.348,95.2,0.239,0.939,0.714,33510,9240,122.65,0.598,1.685,2.653,117.353,0.006
reference-n1607,1607,config,actual,spatial_term,actual,0,2,25,0,60566,0.833,631,89,0.348,95.2,0.239,0.939,0.714,33510,9240,122.68,0.591,1.711,2.699,117.307,0.006
reference-n1607,1607,config,actual,spatial_term,actual,0,3,25,0,60566,0.833,631,89,0.348,95.2,0.239,0.939,0.714,33510,9240,122.68,0.592,1.724,2.672,117.334,0.006
reference-n1607,1607,config,upper-tmax-tmin9000,spatial_term,upper-tmax-tmin9000,0,1,25,0,60365,0.837,567,6,0.317,66.28,0.238,0.938,0.714,33309,8640,122.68,0.629,1.685,2.63,117.375,0.006
reference-n1607,1607,config,upper-tmax-tmin9000,spatial_term,upper-tmax-tmin9000,0,2,25,0,60390,0.837,568,7,0.317,66.28,0.238,0.938,0.714,33334,8640,122.64,0.589,1.686,2.719,117.287,0.006
reference-n1607,1607,config,upper-tmax-tmin9000,spatial_term,upper-tmax-tmin9000,0,3,25,0,60390,0.837,568,7,0.317,66.28,0.238,0.938,0.714,33334,8640,122.49,0.592,1.678,2.682,117.185,0.006
reference-n1607,1607,config,tmin-scaled,spatial_term,tmin-scaled,0,1,25,0,59103,0.748,834,87,0.348,85.04,0.235,0.933,0.714,32047,9720,122.65,0.596,1.694,2.698,117.305,0.006
reference-n1607,1607,config,tmin-scaled,spatial_term,tmin-scaled,0,2,25,0,59086,0.748,822,87,0.348,85.04,0.235,0.933,0.714,32030,9720,122.65,0.59,1.679,2.661,117.342,0.006
reference-n1607,1607,config,tmin-scaled,spatial_term,tmin-scaled,0,3,25,0,59086,0.748,822,87,0.348,85.04,0.235,0.933,0.714,32030,9720,122.66,0.597,1.704,2.675,117.328,0.006
reference-n1607,1607,config,service-floor,spatial_term,service-floor,0,1,34,0,96402,0.117,1400,37,0.765,250.41,0.333,0.788,0.525,69499,54480,122.63,0.6,1.673,2.68,117.323,0.006
reference-n1607,1607,config,service-floor,spatial_term,service-floor,0,2,34,0,96383,0.117,1394,36,0.765,250.41,0.333,0.788,0.525,69480,54480,122.68,0.592,1.715,2.65,117.354,0.006
reference-n1607,1607,config,service-floor,spatial_term,service-floor,0,3,34,0,96378,0.117,1399,37,0.765,250.41,0.333,0.788,0.525,69475,54480,122.64,0.591,1.692,2.669,117.337,0.006
reference-n1607,1607,config,tmin-scaled+exempt-last,spatial_term,tmin-scaled+exempt-last,0,1,25,0,59086,0.785,822,87,0.348,85.04,0.235,0.933,0.714,32030,9720,122.66,0.599,1.691,2.648,117.353,0.006
reference-n1607,1607,config,tmin-scaled+exempt-last,spatial_term,tmin-scaled+exempt-last,0,2,25,0,59086,0.785,822,87,0.348,85.04,0.235,0.933,0.714,32030,9720,122.64,0.59,1.697,2.667,117.33,0.006
reference-n1607,1607,config,tmin-scaled+exempt-last,spatial_term,tmin-scaled+exempt-last,0,3,25,0,59086,0.785,822,87,0.348,85.04,0.235,0.933,0.714,32030,9720,122.66,0.597,1.694,2.64,117.362,0.006
reference-n1607,1607,config,span-c100,spatial_term,actual,100,1,24,0,58273,0.839,427,64,0.33,87.5,0.232,0.969,0.744,31199,8161,122.67,0.591,1.699,3.905,116.101,0.006
reference-n1607,1607,config,span-c100,spatial_term,actual,100,2,24,0,58273,0.839,427,66,0.33,87.5,0.232,0.969,0.744,31199,8161,122.64,0.593,1.68,3.932,116.071,0.006
reference-n1607,1607,config,span-c100,spatial_term,actual,100,3,24,0,58273,0.839,427,66,0.33,87.5,0.232,0.969,0.744,31199,8161,122.66,0.59,1.687,3.896,116.107,0.006
reference-n1607,1607,algo,global,global,actual,0,1,24,0,54774,0.838,415,86,0.661,74.25,0.221,0.955,0.744,27700,7560,120.95,0.591,0.003,1.433,118.569,0.006
reference-n1607,1607,algo,global,global,actual,0,2,24,0,54810,0.838,425,87,0.661,74.46,0.221,0.955,0.744,27736,7560,121.07,0.595,0.003,1.439,118.564,0.009
reference-n1607,1607,algo,global,global,actual,0,3,24,0,54810,0.838,425,87,0.661,74.46,0.221,0.955,0.744,27736,7560,121.25,0.73,0.004,1.495,118.596,0.007
reference-n1607,1607,algo,greedy,greedy,actual,0,1,24,0,63071,0.93,196,102,0.73,166.46,0.246,0.987,0.744,35997,9600,0.15,0.0,0.0,0.0,0.0,0.0
reference-n1607,1607,algo,greedy,greedy,actual,0,2,24,0,63071,0.93,196,102,0.73,166.46,0.246,0.987,0.744,35997,9600,0.15,0.0,0.0,0.0,0.0,0.0
reference-n1607,1607,algo,greedy,greedy,actual,0,3,24,0,63071,0.93,196,102,0.73,166.46,0.246,0.987,0.744,35997,9600,0.14,0.0,0.0,0.0,0.0,0.0
