instance,n,axis,cell,strategy,balance_arm,span_coef,spatial_span_coef,time_global_span_coef,post_resequence,arc_lambda,arc_tau,seed,k,drops,degenerate_routes,travel_sec,balance,sigma_t_sec,dur_min_sec,dur_median_sec,dur_max_sec,crossings,worst_iou,interleave_per_route,walk_ratio,saturation_mean,sat_estimated,relleno_sec,deficit_sec,wall_clock_sec,t_osrm_sec,t_model_build_sec,t_first_solution_sec,t_metaheuristic_sec,t_extraction_sec
battery-n50,50,config,actual,spatial_term,actual,0,3,0,False,0.0,112.6,1,2,0,0,8399,0.998,8,7191,7200,7208,5,0.186,10.5,0.583,0.667,0.278,6375,8400,105.06,0.001,0.005,0.01,104.987,0.0
battery-n50,50,config,actual,spatial_term,actual,0,3,0,False,0.0,112.6,2,2,0,0,8399,0.998,8,7191,7200,7208,5,0.186,10.5,0.583,0.667,0.278,6375,8400,105.03,0.001,0.002,0.008,104.992,0.0
battery-n50,50,config,actual,spatial_term,actual,0,3,0,False,0.0,112.6,3,2,0,0,8399,0.998,8,7191,7200,7208,5,0.186,10.5,0.583,0.667,0.278,6375,8400,105.03,0.001,0.002,0.008,104.992,0.0
battery-n100,100,config,actual,spatial_term,actual,0,3,0,False,0.0,67.3,1,2,0,0,4244,0.946,226,7896,8122,8348,3,0.017,3.0,0.261,0.752,0.556,1784,2400,120.06,0.003,0.007,0.022,119.98,0.0
battery-n100,100,config,actual,spatial_term,actual,0,3,0,False,0.0,67.3,2,2,0,0,4244,0.946,226,7896,8122,8348,3,0.017,3.0,0.261,0.752,0.556,1784,2400,120.04,0.003,0.007,0.021,119.98,0.0
battery-n100,100,config,actual,spatial_term,actual,0,3,0,False,0.0,67.3,3,2,0,0,4244,0.946,226,7896,8122,8348,3,0.017,3.0,0.261,0.752,0.556,1784,2400,120.01,0.003,0.007,0.021,119.953,0.0
battery-n200,200,config,actual,spatial_term,actual,0,3,0,False,0.0,59.0,1,4,0,0,8254,0.832,617,7254,8139,8722,2,0.128,15.75,0.256,0.747,0.556,4776,4800,120.08,0.01,0.026,0.067,119.934,0.001
battery-n200,200,config,actual,spatial_term,actual,0,3,0,False,0.0,59.0,2,4,0,0,8254,0.832,617,7254,8139,8722,2,0.128,15.75,0.256,0.747,0.556,4776,4800,120.08,0.01,0.025,0.066,119.936,0.001
battery-n200,200,config,actual,spatial_term,actual,0,3,0,False,0.0,59.0,3,4,0,0,8254,0.832,617,7254,8139,8722,2,0.128,15.75,0.256,0.747,0.556,4776,4800,120.09,0.01,0.026,0.065,119.936,0.001
battery-n400,400,config,actual,spatial_term,actual,0,3,0,False,0.0,46.7,1,7,0,0,14557,0.987,43,8857,8969,8971,2,0.446,48.71,0.233,0.828,0.635,9039,3600,120.23,0.04,0.104,0.218,119.784,0.002
battery-n400,400,config,actual,spatial_term,actual,0,3,0,False,0.0,46.7,2,7,0,0,14557,0.987,43,8857,8969,8971,2,0.446,48.71,0.233,0.828,0.635,9039,3600,120.26,0.037,0.115,0.203,119.799,0.002
battery-n400,400,config,actual,spatial_term,actual,0,3,0,False,0.0,46.7,3,7,0,0,14557,0.987,43,8857,8969,8971,2,0.446,48.71,0.233,0.828,0.635,9039,3600,120.24,0.043,0.109,0.203,119.798,0.002
battery-n800,800,config,actual,spatial_term,actual,0,3,0,False,0.0,35.4,1,12,0,0,19901,0.853,554,9018,9483,10576,27,0.513,67.08,0.172,0.894,0.741,10938,1200,120.76,0.165,0.416,0.754,119.249,0.003
battery-n800,800,config,actual,spatial_term,actual,0,3,0,False,0.0,35.4,2,12,0,0,19767,0.851,624,9002,9290,10576,29,0.492,66.83,0.171,0.893,0.741,10804,1200,120.84,0.169,0.447,0.743,119.275,0.003
battery-n800,800,config,actual,spatial_term,actual,0,3,0,False,0.0,35.4,3,12,0,0,19901,0.853,554,9018,9483,10576,27,0.513,67.08,0.172,0.894,0.741,10938,1200,120.78,0.161,0.42,0.765,119.239,0.003
battery-n1000,1000,config,actual,spatial_term,actual,0,3,0,False,0.0,34.7,1,15,0,0,26875,0.836,564,8990,9788,10753,57,0.321,81.93,0.183,0.907,0.741,15923,1560,121.13,0.247,0.662,1.195,118.809,0.004
battery-n1000,1000,config,actual,spatial_term,actual,0,3,0,False,0.0,34.7,2,15,0,0,26875,0.836,573,8990,9788,10753,55,0.321,91.93,0.183,0.907,0.741,15923,1560,121.15,0.251,0.65,1.161,118.84,0.004
battery-n1000,1000,config,actual,spatial_term,actual,0,3,0,False,0.0,34.7,3,15,0,0,26615,0.838,552,8990,9788,10724,56,0.576,82.2,0.182,0.905,0.741,15663,1800,121.13,0.243,0.656,1.134,118.869,0.004
battery-sparse-n250,250,config,actual,spatial_term,actual,0,3,0,False,0.0,85.8,1,5,0,0,15734,0.946,221,8966,8976,9480,2,0.129,37.4,0.344,0.847,0.556,7324,6000,120.11,0.015,0.04,0.089,119.912,0.001
battery-sparse-n250,250,config,actual,spatial_term,actual,0,3,0,False,0.0,85.8,2,5,0,0,15734,0.946,221,8966,8976,9480,2,0.129,37.4,0.344,0.847,0.556,7324,6000,120.11,0.015,0.04,0.088,119.914,0.001
battery-sparse-n250,250,config,actual,spatial_term,actual,0,3,0,False,0.0,85.8,3,5,0,0,15734,0.946,221,8966,8976,9480,2,0.129,37.4,0.344,0.847,0.556,7324,6000,120.12,0.016,0.04,0.092,119.912,0.001
battery-sparse-n500,500,config,actual,spatial_term,actual,0,3,0,False,0.0,56.9,1,9,0,0,23196,0.847,565,8733,8983,10309,13,0.576,77.89,0.279,0.856,0.617,13754,5640,120.36,0.061,0.162,0.312,119.702,0.002
battery-sparse-n500,500,config,actual,spatial_term,actual,0,3,0,False,0.0,56.9,2,9,0,0,23225,0.848,562,8745,8983,10309,10,0.576,77.89,0.279,0.856,0.617,13783,5640,120.34,0.062,0.162,0.322,119.68,0.002
battery-sparse-n500,500,config,actual,spatial_term,actual,0,3,0,False,0.0,56.9,3,9,0,0,23234,0.847,562,8733,8983,10309,14,0.576,77.89,0.279,0.856,0.617,13792,5640,120.33,0.063,0.162,0.314,119.688,0.002
area-26-n157,157,config,actual,spatial_term,actual,0,3,0,False,0.0,48.1,1,3,0,0,4962,0.877,456,7294,8187,8321,0,0.11,4.33,0.208,0.734,0.581,2579,2760,120.07,0.008,0.017,0.044,119.958,0.001
area-26-n157,157,config,actual,spatial_term,actual,0,3,0,False,0.0,48.1,2,3,0,0,4962,0.877,456,7294,8187,8321,0,0.11,4.33,0.208,0.734,0.581,2579,2760,120.08,0.007,0.017,0.044,119.957,0.001
area-26-n157,157,config,actual,spatial_term,actual,0,3,0,False,0.0,48.1,3,3,0,0,4962,0.877,456,7294,8187,8321,0,0.11,4.33,0.208,0.734,0.581,2579,2760,120.06,0.008,0.016,0.044,119.958,0.001
area-27-n72,72,config,actual,spatial_term,actual,0,3,0,False,0.0,29.8,1,2,0,0,5738,1.0,0,7189,7189,7189,6,0.631,25.5,0.399,0.666,0.4,5207,5760,120.03,0.002,0.004,0.015,119.986,0.0
area-27-n72,72,config,actual,spatial_term,actual,0,3,0,False,0.0,29.8,2,2,0,0,5738,1.0,0,7189,7189,7189,6,0.631,25.5,0.399,0.666,0.4,5207,5760,120.03,0.002,0.004,0.016,119.986,0.0
area-27-n72,72,config,actual,spatial_term,actual,0,3,0,False,0.0,29.8,3,2,0,0,5738,1.0,0,7189,7189,7189,6,0.631,25.5,0.399,0.666,0.4,5207,5760,119.94,0.002,0.006,0.014,119.891,0.0
area-29-n43,43,config,actual,spatial_term,actual,0,3,0,False,0.0,27.6,1,1,0,0,2022,1.0,0,7182,7182,7182,0,0.0,0.0,0.282,0.665,0.478,1634,2040,94.02,0.001,0.002,0.007,93.993,0.0
area-29-n43,43,config,actual,spatial_term,actual,0,3,0,False,0.0,27.6,2,1,0,0,2022,1.0,0,7182,7182,7182,0,0.0,0.0,0.282,0.665,0.478,1634,2040,94.02,0.001,0.001,0.007,93.993,0.0
area-29-n43,43,config,actual,spatial_term,actual,0,3,0,False,0.0,27.6,3,1,0,0,2022,1.0,0,7182,7182,7182,0,0.0,0.0,0.282,0.665,0.478,1634,2040,94.02,0.001,0.002,0.01,93.99,0.0
reference-n1607,1607,config,actual,spatial_term,actual,0,3,0,False,0.0,44.1,1,25,0,0,60566,0.833,631,8972,10438,10767,88,0.348,95.2,0.239,0.939,0.714,33510,9240,122.84,0.702,1.759,2.791,117.213,0.006
reference-n1607,1607,config,actual,spatial_term,actual,0,3,0,False,0.0,44.1,2,25,0,0,60679,0.833,627,8972,10438,10767,88,0.348,95.2,0.239,0.939,0.714,33623,9240,122.7,0.634,1.696,2.83,117.174,0.006
reference-n1607,1607,config,actual,spatial_term,actual,0,3,0,False,0.0,44.1,3,25,0,0,60651,0.833,628,8972,10438,10767,88,0.348,95.2,0.239,0.939,0.714,33595,9240,122.86,0.639,1.704,2.816,117.195,0.006
battery-n50,50,config,no-floor,spatial_term,no-floor,0,3,0,False,0.0,112.6,1,1,0,0,3419,1.0,0,9419,9419,9419,0,0.0,0.0,0.363,0.872,0.556,1352,1200,105.06,0.001,0.004,0.008,104.991,0.0
battery-n50,50,config,no-floor,spatial_term,no-floor,0,3,0,False,0.0,112.6,2,1,0,0,3419,1.0,0,9419,9419,9419,0,0.0,0.0,0.363,0.872,0.556,1352,1200,105.02,0.001,0.002,0.009,104.99,0.0
battery-n50,50,config,no-floor,spatial_term,no-floor,0,3,0,False,0.0,112.6,3,1,0,0,3419,1.0,0,9419,9419,9419,0,0.0,0.0,0.363,0.872,0.556,1352,1200,105.04,0.001,0.002,0.008,105.014,0.0
battery-n100,100,config,no-floor,spatial_term,no-floor,0,3,0,False,0.0,67.3,1,2,0,0,4277,0.966,142,7996,8138,8281,0,0.017,3.0,0.263,0.754,0.556,1817,2400,120.06,0.003,0.007,0.021,119.979,0.0
battery-n100,100,config,no-floor,spatial_term,no-floor,0,3,0,False,0.0,67.3,2,2,0,0,4277,0.966,142,7996,8138,8281,0,0.017,3.0,0.263,0.754,0.556,1817,2400,120.04,0.003,0.007,0.02,119.979,0.0
battery-n100,100,config,no-floor,spatial_term,no-floor,0,3,0,False,0.0,67.3,3,2,0,0,4277,0.966,142,7996,8138,8281,0,0.017,3.0,0.263,0.754,0.556,1817,2400,120.03,0.003,0.007,0.02,119.979,0.0
battery-n200,200,config,no-floor,spatial_term,no-floor,0,3,0,False,0.0,59.0,1,4,0,1,7942,0.109,3947,1168,10048,10678,6,0.075,4.75,0.249,0.74,0.556,4464,6600,120.08,0.011,0.025,0.062,119.938,0.001
battery-n200,200,config,no-floor,spatial_term,no-floor,0,3,0,False,0.0,59.0,2,4,0,1,7942,0.109,3947,1168,10048,10678,6,0.075,4.75,0.249,0.74,0.556,4464,6600,120.09,0.011,0.025,0.059,119.941,0.001
battery-n200,200,config,no-floor,spatial_term,no-floor,0,3,0,False,0.0,59.0,3,4,0,1,7942,0.109,3947,1168,10048,10678,6,0.075,4.75,0.249,0.74,0.556,4464,6600,120.09,0.01,0.025,0.06,119.94,0.001
battery-n400,400,config,no-floor,spatial_term,no-floor,0,3,0,False,0.0,46.7,1,6,0,0,12896,0.834,657,8945,10527,10721,3,0.379,35.5,0.212,0.94,0.741,7364,960,120.26,0.04,0.102,0.203,119.824,0.002
battery-n400,400,config,no-floor,spatial_term,no-floor,0,3,0,False,0.0,46.7,2,6,0,0,12896,0.834,657,8945,10527,10721,3,0.379,35.5,0.212,0.94,0.741,7364,960,120.2,0.046,0.102,0.205,119.733,0.002
battery-n400,400,config,no-floor,spatial_term,no-floor,0,3,0,False,0.0,46.7,3,6,0,0,12896,0.834,657,8945,10527,10721,3,0.379,35.5,0.212,0.94,0.741,7364,960,120.23,0.039,0.103,0.203,119.796,0.002
battery-n800,800,config,no-floor,spatial_term,no-floor,0,3,0,False,0.0,35.4,1,12,0,0,21192,0.37,1774,3970,10360,10729,8,0.402,43.33,0.181,0.904,0.741,12229,3600,120.77,0.168,0.411,0.731,119.269,0.003
battery-n800,800,config,no-floor,spatial_term,no-floor,0,3,0,False,0.0,35.4,2,12,0,0,21192,0.37,1774,3970,10360,10729,8,0.402,43.33,0.181,0.904,0.741,12229,3600,120.74,0.156,0.418,0.717,119.282,0.003
battery-n800,800,config,no-floor,spatial_term,no-floor,0,3,0,False,0.0,35.4,3,12,0,0,21192,0.37,1774,3970,10360,10729,8,0.402,43.33,0.181,0.904,0.741,12229,3600,120.76,0.158,0.41,0.728,119.272,0.003
battery-n1000,1000,config,no-floor,spatial_term,no-floor,0,3,0,False,0.0,34.7,1,15,0,0,26980,0.479,1382,5145,10097,10751,7,0.508,42.4,0.184,0.907,0.741,16028,3600,121.37,0.244,0.645,1.108,119.149,0.004
battery-n1000,1000,config,no-floor,spatial_term,no-floor,0,3,0,False,0.0,34.7,2,15,0,0,26980,0.479,1382,5145,10097,10751,7,0.508,42.4,0.184,0.907,0.741,16028,3600,121.24,0.245,0.647,1.113,119.018,0.004
battery-n1000,1000,config,no-floor,spatial_term,no-floor,0,3,0,False,0.0,34.7,3,15,0,0,26980,0.479,1382,5145,10097,10751,7,0.508,42.4,0.184,0.907,0.741,16028,3600,121.19,0.244,0.645,1.114,118.956,0.004
battery-sparse-n250,250,config,no-floor,spatial_term,no-floor,0,3,0,False,0.0,85.8,1,5,0,0,15497,0.681,1153,6842,9567,10043,1,0.069,2.6,0.341,0.843,0.556,7087,6001,120.07,0.016,0.04,0.086,119.87,0.001
battery-sparse-n250,250,config,no-floor,spatial_term,no-floor,0,3,0,False,0.0,85.8,2,5,0,0,15497,0.681,1153,6842,9567,10043,1,0.069,2.6,0.341,0.843,0.556,7087,6001,120.11,0.016,0.039,0.088,119.911,0.001
battery-sparse-n250,250,config,no-floor,spatial_term,no-floor,0,3,0,False,0.0,85.8,3,5,0,0,15497,0.681,1153,6842,9567,10043,1,0.069,2.6,0.341,0.843,0.556,7087,6001,120.12,0.018,0.042,0.084,119.913,0.001
battery-sparse-n500,500,config,no-floor,spatial_term,no-floor,0,3,0,False,0.0,56.9,1,8,0,0,21664,0.875,439,9361,10335,10693,4,0.295,23.62,0.265,0.945,0.694,12202,600,120.33,0.06,0.161,0.319,119.68,0.002
battery-sparse-n500,500,config,no-floor,spatial_term,no-floor,0,3,0,False,0.0,56.9,2,8,0,0,20935,0.812,611,8692,10196,10705,4,0.144,23.25,0.259,0.937,0.694,11473,1320,120.33,0.06,0.162,0.305,119.694,0.002
battery-sparse-n500,500,config,no-floor,spatial_term,no-floor,0,3,0,False,0.0,56.9,3,8,0,0,21062,0.887,480,9455,10271,10660,3,0.144,24.62,0.26,0.938,0.694,11600,1200,120.35,0.063,0.159,0.304,119.695,0.002
area-26-n157,157,config,no-floor,spatial_term,no-floor,0,3,0,False,0.0,48.1,1,3,0,0,4300,0.795,755,6943,7459,8738,0,0.034,3.67,0.186,0.714,0.581,1917,2760,120.06,0.007,0.016,0.041,119.956,0.001
area-26-n157,157,config,no-floor,spatial_term,no-floor,0,3,0,False,0.0,48.1,2,3,0,0,4300,0.795,755,6943,7459,8738,0,0.034,3.67,0.186,0.714,0.581,1917,2760,120.06,0.007,0.016,0.042,119.953,0.001
area-26-n157,157,config,no-floor,spatial_term,no-floor,0,3,0,False,0.0,48.1,3,3,0,0,4300,0.795,755,6943,7459,8738,0,0.034,3.67,0.186,0.714,0.581,1917,2760,120.07,0.006,0.016,0.041,119.965,0.001
area-27-n72,72,config,no-floor,spatial_term,no-floor,0,3,0,False,0.0,29.8,1,1,0,0,1481,1.0,0,10121,10121,10121,0,0.0,0.0,0.146,0.937,0.8,942,0,120.03,0.002,0.004,0.014,119.984,0.0
area-27-n72,72,config,no-floor,spatial_term,no-floor,0,3,0,False,0.0,29.8,2,1,0,0,1481,1.0,0,10121,10121,10121,0,0.0,0.0,0.146,0.937,0.8,942,0,120.02,0.002,0.004,0.015,119.983,0.0
area-27-n72,72,config,no-floor,spatial_term,no-floor,0,3,0,False,0.0,29.8,3,1,0,0,1481,1.0,0,10121,10121,10121,0,0.0,0.0,0.146,0.937,0.8,942,0,120.03,0.002,0.006,0.014,119.983,0.0
area-29-n43,43,config,no-floor,spatial_term,no-floor,0,3,0,False,0.0,27.6,1,1,0,0,999,1.0,0,6159,6159,6159,0,0.0,0.0,0.162,0.57,0.478,611,2040,94.02,0.001,0.002,0.006,93.992,0.0
area-29-n43,43,config,no-floor,spatial_term,no-floor,0,3,0,False,0.0,27.6,2,1,0,0,999,1.0,0,6159,6159,6159,0,0.0,0.0,0.162,0.57,0.478,611,2040,94.02,0.001,0.001,0.008,93.99,0.0
area-29-n43,43,config,no-floor,spatial_term,no-floor,0,3,0,False,0.0,27.6,3,1,0,0,999,1.0,0,6159,6159,6159,0,0.0,0.0,0.162,0.57,0.478,611,2040,94.02,0.001,0.001,0.007,93.99,0.0
reference-n1607,1607,config,no-floor,spatial_term,no-floor,0,3,0,False,0.0,44.1,1,25,0,1,52142,0.011,2053,120,10322,10770,5,0.317,64.72,0.213,0.907,0.714,25086,9600,122.68,0.636,1.678,2.768,117.234,0.006
reference-n1607,1607,config,no-floor,spatial_term,no-floor,0,3,0,False,0.0,44.1,2,25,0,1,52083,0.011,2061,120,10322,10770,5,0.317,64.68,0.213,0.907,0.714,25027,9600,122.71,0.625,1.664,2.734,117.311,0.006
reference-n1607,1607,config,no-floor,spatial_term,no-floor,0,3,0,False,0.0,44.1,3,25,0,1,52214,0.011,2055,120,10377,10770,7,0.317,63.56,0.213,0.908,0.714,25158,9720,122.69,0.627,1.673,2.901,117.102,0.011
battery-n50,50,config,no-floor-stops5,spatial_term,no-floor-stops5,0,3,0,False,0.0,112.6,1,1,0,0,3419,1.0,0,9419,9419,9419,0,0.0,0.0,0.363,0.872,0.556,1352,1200,105.06,0.001,0.004,0.01,104.989,0.0
battery-n50,50,config,no-floor-stops5,spatial_term,no-floor-stops5,0,3,0,False,0.0,112.6,2,1,0,0,3419,1.0,0,9419,9419,9419,0,0.0,0.0,0.363,0.872,0.556,1352,1200,105.02,0.001,0.002,0.011,104.987,0.0
battery-n50,50,config,no-floor-stops5,spatial_term,no-floor-stops5,0,3,0,False,0.0,112.6,3,1,0,0,3419,1.0,0,9419,9419,9419,0,0.0,0.0,0.363,0.872,0.556,1352,1200,105.02,0.001,0.002,0.009,104.989,0.0
battery-n100,100,config,no-floor-stops5,spatial_term,no-floor-stops5,0,3,0,False,0.0,67.3,1,2,0,0,4277,0.653,1706,6433,8138,9844,3,0.03,5.0,0.263,0.754,0.556,1817,2400,120.06,0.003,0.007,0.023,119.982,0.0
battery-n100,100,config,no-floor-stops5,spatial_term,no-floor-stops5,0,3,0,False,0.0,67.3,2,2,0,0,4277,0.653,1706,6433,8138,9844,3,0.03,5.0,0.263,0.754,0.556,1817,2400,120.05,0.003,0.007,0.023,119.991,0.0
battery-n100,100,config,no-floor-stops5,spatial_term,no-floor-stops5,0,3,0,False,0.0,67.3,3,2,0,0,4277,0.653,1706,6433,8138,9844,3,0.03,5.0,0.263,0.754,0.556,1817,2400,120.03,0.003,0.007,0.024,119.974,0.0
battery-n200,200,config,no-floor-stops5,spatial_term,no-floor-stops5,0,3,0,False,0.0,59.0,1,4,0,1,7942,0.109,3947,1168,10048,10678,6,0.075,4.75,0.249,0.74,0.556,4464,6600,120.08,0.01,0.026,0.066,119.929,0.001
battery-n200,200,config,no-floor-stops5,spatial_term,no-floor-stops5,0,3,0,False,0.0,59.0,2,4,0,1,7942,0.109,3947,1168,10048,10678,6,0.075,4.75,0.249,0.74,0.556,4464,6600,120.08,0.009,0.025,0.064,119.933,0.001
battery-n200,200,config,no-floor-stops5,spatial_term,no-floor-stops5,0,3,0,False,0.0,59.0,3,4,0,1,7942,0.109,3947,1168,10048,10678,6,0.075,4.75,0.249,0.74,0.556,4464,6600,120.08,0.009,0.026,0.066,119.931,0.001
battery-n400,400,config,no-floor-stops5,spatial_term,no-floor-stops5,0,3,0,False,0.0,46.7,1,6,0,0,12685,0.863,468,9279,10138,10757,4,0.216,19.33,0.209,0.936,0.741,7153,0,120.22,0.035,0.102,0.218,119.78,0.002
battery-n400,400,config,no-floor-stops5,spatial_term,no-floor-stops5,0,3,0,False,0.0,46.7,2,6,0,0,12685,0.863,468,9279,10138,10757,4,0.216,19.33,0.209,0.936,0.741,7153,0,120.24,0.035,0.102,0.217,119.782,0.002
battery-n400,400,config,no-floor-stops5,spatial_term,no-floor-stops5,0,3,0,False,0.0,46.7,3,6,0,0,12685,0.863,468,9279,10138,10757,4,0.216,19.33,0.209,0.936,0.741,7153,0,120.22,0.035,0.102,0.217,119.783,0.002
battery-n800,800,config,no-floor-stops5,spatial_term,no-floor-stops5,0,3,0,False,0.0,35.4,1,12,0,0,21192,0.37,1774,3970,10360,10729,8,0.402,43.33,0.181,0.904,0.741,12229,3600,120.75,0.143,0.418,0.788,119.215,0.003
battery-n800,800,config,no-floor-stops5,spatial_term,no-floor-stops5,0,3,0,False,0.0,35.4,2,12,0,0,21192,0.37,1774,3970,10360,10729,8,0.402,43.33,0.181,0.904,0.741,12229,3600,120.75,0.141,0.441,0.773,119.226,0.003
battery-n800,800,config,no-floor-stops5,spatial_term,no-floor-stops5,0,3,0,False,0.0,35.4,3,12,0,0,21192,0.37,1774,3970,10360,10729,8,0.402,43.33,0.181,0.904,0.741,12229,3600,120.78,0.139,0.421,0.776,119.258,0.003
battery-n1000,1000,config,no-floor-stops5,spatial_term,no-floor-stops5,0,3,0,False,0.0,34.7,1,15,0,0,26980,0.479,1382,5145,10097,10751,7,0.508,42.4,0.184,0.907,0.741,16028,3600,121.09,0.218,0.642,1.171,118.83,0.004
battery-n1000,1000,config,no-floor-stops5,spatial_term,no-floor-stops5,0,3,0,False,0.0,34.7,2,15,0,0,26980,0.479,1382,5145,10097,10751,7,0.508,42.4,0.184,0.907,0.741,16028,3600,121.07,0.221,0.643,1.185,118.816,0.004
battery-n1000,1000,config,no-floor-stops5,spatial_term,no-floor-stops5,0,3,0,False,0.0,34.7,3,15,0,0,26980,0.479,1382,5145,10097,10751,7,0.508,42.4,0.184,0.907,0.741,16028,3600,121.23,0.221,0.637,1.159,118.987,0.004
battery-sparse-n250,250,config,no-floor-stops5,spatial_term,no-floor-stops5,0,3,0,False,0.0,85.8,1,5,0,0,15497,0.681,1153,6842,9567,10043,1,0.069,2.6,0.341,0.843,0.556,7087,6001,120.11,0.014,0.04,0.093,119.906,0.001
battery-sparse-n250,250,config,no-floor-stops5,spatial_term,no-floor-stops5,0,3,0,False,0.0,85.8,2,5,0,0,15497,0.681,1153,6842,9567,10043,1,0.069,2.6,0.341,0.843,0.556,7087,6001,120.12,0.016,0.04,0.095,119.905,0.001
battery-sparse-n250,250,config,no-floor-stops5,spatial_term,no-floor-stops5,0,3,0,False,0.0,85.8,3,5,0,0,15497,0.681,1153,6842,9567,10043,1,0.069,2.6,0.341,0.843,0.556,7087,6001,120.12,0.015,0.046,0.095,119.904,0.001
battery-sparse-n500,500,config,no-floor-stops5,spatial_term,no-floor-stops5,0,3,0,False,0.0,56.9,1,8,0,0,21664,0.875,439,9361,10335,10693,4,0.295,23.62,0.265,0.945,0.694,12202,600,120.32,0.056,0.161,0.336,119.664,0.002
battery-sparse-n500,500,config,no-floor-stops5,spatial_term,no-floor-stops5,0,3,0,False,0.0,56.9,2,8,0,0,21664,0.875,439,9361,10335,10693,4,0.295,23.62,0.265,0.945,0.694,12202,600,120.38,0.056,0.162,0.338,119.714,0.002
battery-sparse-n500,500,config,no-floor-stops5,spatial_term,no-floor-stops5,0,3,0,False,0.0,56.9,3,8,0,0,21664,0.875,439,9361,10335,10693,4,0.295,23.62,0.265,0.945,0.694,12202,600,120.36,0.057,0.169,0.345,119.656,0.002
area-26-n157,157,config,no-floor-stops5,spatial_term,no-floor-stops5,0,3,0,False,0.0,48.1,1,3,0,0,4300,0.795,755,6943,7459,8738,0,0.034,3.67,0.186,0.714,0.581,1917,2760,120.06,0.006,0.016,0.047,119.953,0.001
area-26-n157,157,config,no-floor-stops5,spatial_term,no-floor-stops5,0,3,0,False,0.0,48.1,2,3,0,0,4300,0.795,755,6943,7459,8738,0,0.034,3.67,0.186,0.714,0.581,1917,2760,120.06,0.006,0.016,0.047,119.953,0.001
area-26-n157,157,config,no-floor-stops5,spatial_term,no-floor-stops5,0,3,0,False,0.0,48.1,3,3,0,0,4300,0.795,755,6943,7459,8738,0,0.034,3.67,0.186,0.714,0.581,1917,2760,120.06,0.006,0.016,0.047,119.954,0.001
area-27-n72,72,config,no-floor-stops5,spatial_term,no-floor-stops5,0,3,0,False,0.0,29.8,1,1,0,0,1481,1.0,0,10121,10121,10121,0,0.0,0.0,0.146,0.937,0.8,942,0,120.03,0.002,0.004,0.017,119.983,0.0
area-27-n72,72,config,no-floor-stops5,spatial_term,no-floor-stops5,0,3,0,False,0.0,29.8,2,1,0,0,1481,1.0,0,10121,10121,10121,0,0.0,0.0,0.146,0.937,0.8,942,0,120.03,0.002,0.006,0.016,119.983,0.0
area-27-n72,72,config,no-floor-stops5,spatial_term,no-floor-stops5,0,3,0,False,0.0,29.8,3,1,0,0,1481,1.0,0,10121,10121,10121,0,0.0,0.0,0.146,0.937,0.8,942,0,120.03,0.002,0.004,0.016,119.983,0.0
area-29-n43,43,config,no-floor-stops5,spatial_term,no-floor-stops5,0,3,0,False,0.0,27.6,1,1,0,0,999,1.0,0,6159,6159,6159,0,0.0,0.0,0.162,0.57,0.478,611,2040,94.0,0.001,0.002,0.008,93.979,0.0
area-29-n43,43,config,no-floor-stops5,spatial_term,no-floor-stops5,0,3,0,False,0.0,27.6,2,1,0,0,999,1.0,0,6159,6159,6159,0,0.0,0.0,0.162,0.57,0.478,611,2040,94.01,0.001,0.002,0.007,93.987,0.0
area-29-n43,43,config,no-floor-stops5,spatial_term,no-floor-stops5,0,3,0,False,0.0,27.6,3,1,0,0,999,1.0,0,6159,6159,6159,0,0.0,0.0,0.162,0.57,0.478,611,2040,94.02,0.001,0.002,0.007,93.992,0.0
reference-n1607,1607,config,no-floor-stops5,spatial_term,no-floor-stops5,0,3,0,False,0.0,44.1,1,25,0,0,58271,0.727,823,7835,10377,10770,7,0.317,62.64,0.232,0.93,0.714,31215,9720,122.61,0.579,1.677,2.9,117.103,0.006
reference-n1607,1607,config,no-floor-stops5,spatial_term,no-floor-stops5,0,3,0,False,0.0,44.1,2,25,0,0,58316,0.727,824,7835,10377,10770,10,0.317,62.64,0.232,0.93,0.714,31260,9720,122.62,0.582,1.68,2.989,117.015,0.006
reference-n1607,1607,config,no-floor-stops5,spatial_term,no-floor-stops5,0,3,0,False,0.0,44.1,3,25,0,0,58271,0.727,823,7835,10377,10770,7,0.317,62.64,0.232,0.93,0.714,31215,9720,122.64,0.584,1.675,2.9,117.104,0.006
battery-n50,50,config,no-floor-stops10,spatial_term,no-floor-stops10,0,3,0,False,0.0,112.6,1,1,0,0,3419,1.0,0,9419,9419,9419,0,0.0,0.0,0.363,0.872,0.556,1352,1200,105.07,0.001,0.004,0.01,104.989,0.0
battery-n50,50,config,no-floor-stops10,spatial_term,no-floor-stops10,0,3,0,False,0.0,112.6,2,1,0,0,3419,1.0,0,9419,9419,9419,0,0.0,0.0,0.363,0.872,0.556,1352,1200,105.02,0.001,0.002,0.009,104.992,0.0
battery-n50,50,config,no-floor-stops10,spatial_term,no-floor-stops10,0,3,0,False,0.0,112.6,3,1,0,0,3419,1.0,0,9419,9419,9419,0,0.0,0.0,0.363,0.872,0.556,1352,1200,105.02,0.001,0.002,0.009,104.992,0.0
battery-n100,100,config,no-floor-stops10,spatial_term,no-floor-stops10,0,3,0,False,0.0,67.3,1,2,0,0,4274,0.654,1704,6433,8137,9841,0,0.03,5.0,0.263,0.754,0.556,1814,2400,120.05,0.003,0.007,0.028,119.973,0.0
battery-n100,100,config,no-floor-stops10,spatial_term,no-floor-stops10,0,3,0,False,0.0,67.3,2,2,0,0,4274,0.654,1704,6433,8137,9841,0,0.03,5.0,0.263,0.754,0.556,1814,2400,120.04,0.003,0.007,0.022,119.979,0.0
battery-n100,100,config,no-floor-stops10,spatial_term,no-floor-stops10,0,3,0,False,0.0,67.3,3,2,0,0,4274,0.654,1704,6433,8137,9841,0,0.03,5.0,0.263,0.754,0.556,1814,2400,120.01,0.003,0.007,0.024,119.95,0.0
battery-n200,200,config,no-floor-stops10,spatial_term,no-floor-stops10,0,3,0,False,0.0,59.0,1,4,0,0,8086,0.59,1593,5988,7973,10152,2,0.059,4.75,0.252,0.743,0.556,4608,6000,120.09,0.009,0.026,0.065,119.936,0.001
battery-n200,200,config,no-floor-stops10,spatial_term,no-floor-stops10,0,3,0,False,0.0,59.0,2,4,0,0,8086,0.59,1593,5988,7973,10152,2,0.059,4.75,0.252,0.743,0.556,4608,6000,120.11,0.009,0.026,0.065,119.96,0.001
battery-n200,200,config,no-floor-stops10,spatial_term,no-floor-stops10,0,3,0,False,0.0,59.0,3,4,0,0,8086,0.59,1593,5988,7973,10152,2,0.059,4.75,0.252,0.743,0.556,4608,6000,120.09,0.009,0.025,0.066,119.935,0.001
battery-n400,400,config,no-floor-stops10,spatial_term,no-floor-stops10,0,3,0,False,0.0,46.7,1,6,0,0,12905,0.82,716,8837,10482,10771,3,0.42,37.33,0.212,0.94,0.741,7373,960,120.23,0.036,0.105,0.221,119.779,0.002
battery-n400,400,config,no-floor-stops10,spatial_term,no-floor-stops10,0,3,0,False,0.0,46.7,2,6,0,0,12905,0.82,716,8837,10482,10771,3,0.42,37.33,0.212,0.94,0.741,7373,960,120.25,0.035,0.105,0.218,119.783,0.002
battery-n400,400,config,no-floor-stops10,spatial_term,no-floor-stops10,0,3,0,False,0.0,46.7,3,6,0,0,12905,0.82,716,8837,10482,10771,3,0.42,37.33,0.212,0.94,0.741,7373,960,120.24,0.035,0.109,0.22,119.781,0.002
battery-n800,800,config,no-floor-stops10,spatial_term,no-floor-stops10,0,3,0,False,0.0,35.4,1,12,0,0,21192,0.37,1774,3970,10360,10729,8,0.402,43.33,0.181,0.904,0.741,12229,3600,120.77,0.149,0.416,0.786,119.229,0.003
battery-n800,800,config,no-floor-stops10,spatial_term,no-floor-stops10,0,3,0,False,0.0,35.4,2,12,0,0,21192,0.37,1774,3970,10360,10729,8,0.402,43.33,0.181,0.904,0.741,12229,3600,120.78,0.148,0.417,0.805,119.236,0.003
battery-n800,800,config,no-floor-stops10,spatial_term,no-floor-stops10,0,3,0,False,0.0,35.4,3,12,0,0,21192,0.37,1774,3970,10360,10729,8,0.402,43.33,0.181,0.904,0.741,12229,3600,120.75,0.146,0.419,0.783,119.221,0.003
battery-n1000,1000,config,no-floor-stops10,spatial_term,no-floor-stops10,0,3,0,False,0.0,34.7,1,15,0,0,26980,0.479,1382,5145,10097,10751,7,0.508,42.4,0.184,0.907,0.741,16028,3600,121.2,0.236,0.642,1.178,118.902,0.004
battery-n1000,1000,config,no-floor-stops10,spatial_term,no-floor-stops10,0,3,0,False,0.0,34.7,2,15,0,0,26980,0.479,1382,5145,10097,10751,7,0.508,42.4,0.184,0.907,0.741,16028,3600,121.09,0.233,0.648,1.189,118.814,0.004
battery-n1000,1000,config,no-floor-stops10,spatial_term,no-floor-stops10,0,3,0,False,0.0,34.7,3,15,0,0,26980,0.479,1382,5145,10097,10751,7,0.508,42.4,0.184,0.907,0.741,16028,3600,121.12,0.242,0.644,1.166,118.838,0.004
battery-sparse-n250,250,config,no-floor-stops10,spatial_term,no-floor-stops10,0,3,0,False,0.0,85.8,1,5,0,0,15497,0.681,1153,6842,9567,10043,1,0.069,2.6,0.341,0.843,0.556,7087,6001,120.11,0.014,0.044,0.092,119.91,0.001
battery-sparse-n250,250,config,no-floor-stops10,spatial_term,no-floor-stops10,0,3,0,False,0.0,85.8,2,5,0,0,15497,0.681,1153,6842,9567,10043,1,0.069,2.6,0.341,0.843,0.556,7087,6001,120.11,0.014,0.04,0.094,119.908,0.001
battery-sparse-n250,250,config,no-floor-stops10,spatial_term,no-floor-stops10,0,3,0,False,0.0,85.8,3,5,0,0,15497,0.681,1153,6842,9567,10043,1,0.069,2.6,0.341,0.843,0.556,7087,6001,120.11,0.014,0.039,0.095,119.905,0.001
battery-sparse-n500,500,config,no-floor-stops10,spatial_term,no-floor-stops10,0,3,0,False,0.0,56.9,1,8,0,0,21664,0.875,439,9361,10335,10693,4,0.295,23.62,0.265,0.945,0.694,12202,600,120.34,0.057,0.162,0.332,119.682,0.002
battery-sparse-n500,500,config,no-floor-stops10,spatial_term,no-floor-stops10,0,3,0,False,0.0,56.9,2,8,0,0,21664,0.875,439,9361,10335,10693,4,0.295,23.62,0.265,0.945,0.694,12202,600,120.33,0.056,0.163,0.327,119.675,0.002
battery-sparse-n500,500,config,no-floor-stops10,spatial_term,no-floor-stops10,0,3,0,False,0.0,56.9,3,8,0,0,21664,0.875,439,9361,10335,10693,4,0.295,23.62,0.265,0.945,0.694,12202,600,120.35,0.056,0.172,0.344,119.658,0.002
area-26-n157,157,config,no-floor-stops10,spatial_term,no-floor-stops10,0,3,0,False,0.0,48.1,1,3,0,0,4300,0.795,755,6943,7459,8738,0,0.034,3.67,0.186,0.714,0.581,1917,2760,120.06,0.006,0.016,0.05,119.952,0.001
area-26-n157,157,config,no-floor-stops10,spatial_term,no-floor-stops10,0,3,0,False,0.0,48.1,2,3,0,0,4300,0.795,755,6943,7459,8738,0,0.034,3.67,0.186,0.714,0.581,1917,2760,120.06,0.006,0.016,0.048,119.953,0.001
area-26-n157,157,config,no-floor-stops10,spatial_term,no-floor-stops10,0,3,0,False,0.0,48.1,3,3,0,0,4300,0.795,755,6943,7459,8738,0,0.034,3.67,0.186,0.714,0.581,1917,2760,120.06,0.006,0.016,0.046,119.955,0.001
area-27-n72,72,config,no-floor-stops10,spatial_term,no-floor-stops10,0,3,0,False,0.0,29.8,1,1,0,0,1481,1.0,0,10121,10121,10121,0,0.0,0.0,0.146,0.937,0.8,942,0,120.03,0.002,0.004,0.016,119.985,0.0
area-27-n72,72,config,no-floor-stops10,spatial_term,no-floor-stops10,0,3,0,False,0.0,29.8,2,1,0,0,1481,1.0,0,10121,10121,10121,0,0.0,0.0,0.146,0.937,0.8,942,0,120.03,0.002,0.004,0.016,119.985,0.0
area-27-n72,72,config,no-floor-stops10,spatial_term,no-floor-stops10,0,3,0,False,0.0,29.8,3,1,0,0,1481,1.0,0,10121,10121,10121,0,0.0,0.0,0.146,0.937,0.8,942,0,119.93,0.002,0.004,0.016,119.889,0.0
area-29-n43,43,config,no-floor-stops10,spatial_term,no-floor-stops10,0,3,0,False,0.0,27.6,1,1,0,0,999,1.0,0,6159,6159,6159,0,0.0,0.0,0.162,0.57,0.478,611,2040,94.02,0.001,0.001,0.007,93.993,0.0
area-29-n43,43,config,no-floor-stops10,spatial_term,no-floor-stops10,0,3,0,False,0.0,27.6,2,1,0,0,999,1.0,0,6159,6159,6159,0,0.0,0.0,0.162,0.57,0.478,611,2040,94.02,0.001,0.001,0.007,93.993,0.0
area-29-n43,43,config,no-floor-stops10,spatial_term,no-floor-stops10,0,3,0,False,0.0,27.6,3,1,0,0,999,1.0,0,6159,6159,6159,0,0.0,0.0,0.162,0.57,0.478,611,2040,94.02,0.001,0.001,0.007,93.993,0.0
reference-n1607,1607,config,no-floor-stops10,spatial_term,no-floor-stops10,0,3,0,False,0.0,44.1,1,25,0,0,58330,0.727,760,7835,10302,10770,7,0.317,63.8,0.232,0.93,0.714,31274,9720,122.65,0.585,1.699,2.818,117.186,0.006
reference-n1607,1607,config,no-floor-stops10,spatial_term,no-floor-stops10,0,3,0,False,0.0,44.1,2,25,0,0,58413,0.727,768,7835,10322,10770,7,0.317,62.64,0.232,0.931,0.714,31357,9720,122.67,0.625,1.667,2.998,117.006,0.006
reference-n1607,1607,config,no-floor-stops10,spatial_term,no-floor-stops10,0,3,0,False,0.0,44.1,3,25,0,0,58288,0.727,765,7835,10302,10770,5,0.317,63.8,0.232,0.93,0.714,31232,9600,122.65,0.619,1.677,2.797,117.206,0.006
battery-n50,50,config,no-floor-stops15,spatial_term,no-floor-stops15,0,3,0,False,0.0,112.6,1,1,0,0,3419,1.0,0,9419,9419,9419,0,0.0,0.0,0.363,0.872,0.556,1352,1200,105.06,0.001,0.004,0.01,104.99,0.0
battery-n50,50,config,no-floor-stops15,spatial_term,no-floor-stops15,0,3,0,False,0.0,112.6,2,1,0,0,3419,1.0,0,9419,9419,9419,0,0.0,0.0,0.363,0.872,0.556,1352,1200,105.02,0.001,0.002,0.009,104.99,0.0
battery-n50,50,config,no-floor-stops15,spatial_term,no-floor-stops15,0,3,0,False,0.0,112.6,3,1,0,0,3419,1.0,0,9419,9419,9419,0,0.0,0.0,0.363,0.872,0.556,1352,1200,105.04,0.001,0.002,0.009,105.012,0.0
battery-n100,100,config,no-floor-stops15,spatial_term,no-floor-stops15,0,3,0,False,0.0,67.3,1,2,0,0,4274,0.654,1704,6433,8137,9841,0,0.03,5.0,0.263,0.754,0.556,1814,2400,120.05,0.003,0.007,0.023,119.978,0.0
battery-n100,100,config,no-floor-stops15,spatial_term,no-floor-stops15,0,3,0,False,0.0,67.3,2,2,0,0,4274,0.654,1704,6433,8137,9841,0,0.03,5.0,0.263,0.754,0.556,1814,2400,120.05,0.003,0.007,0.023,119.993,0.0
battery-n100,100,config,no-floor-stops15,spatial_term,no-floor-stops15,0,3,0,False,0.0,67.3,3,2,0,0,4274,0.654,1704,6433,8137,9841,0,0.03,5.0,0.263,0.754,0.556,1814,2400,120.04,0.003,0.007,0.024,119.976,0.0
battery-n200,200,config,no-floor-stops15,spatial_term,no-floor-stops15,0,3,0,False,0.0,59.0,1,4,0,0,8140,0.635,1642,6370,7866,10037,2,0.061,7.5,0.253,0.744,0.556,4662,6120,120.08,0.01,0.026,0.069,119.931,0.001
battery-n200,200,config,no-floor-stops15,spatial_term,no-floor-stops15,0,3,0,False,0.0,59.0,2,4,0,0,8140,0.635,1642,6370,7866,10037,2,0.061,7.5,0.253,0.744,0.556,4662,6120,120.08,0.01,0.025,0.065,119.936,0.001
battery-n200,200,config,no-floor-stops15,spatial_term,no-floor-stops15,0,3,0,False,0.0,59.0,3,4,0,0,8140,0.635,1642,6370,7866,10037,2,0.061,7.5,0.253,0.744,0.556,4662,6120,120.08,0.01,0.025,0.066,119.934,0.001
battery-n400,400,config,no-floor-stops15,spatial_term,no-floor-stops15,0,3,0,False,0.0,46.7,1,6,0,0,15709,0.972,92,10459,10612,10765,3,0.448,53.0,0.247,0.983,0.741,10177,240,120.23,0.043,0.105,0.214,119.787,0.002
battery-n400,400,config,no-floor-stops15,spatial_term,no-floor-stops15,0,3,0,False,0.0,46.7,2,6,0,0,15709,0.972,92,10459,10612,10765,3,0.448,53.0,0.247,0.983,0.741,10177,240,120.19,0.039,0.106,0.207,119.733,0.002
battery-n400,400,config,no-floor-stops15,spatial_term,no-floor-stops15,0,3,0,False,0.0,46.7,3,6,0,0,15709,0.972,92,10459,10612,10765,3,0.448,53.0,0.247,0.983,0.741,10177,240,120.23,0.038,0.104,0.21,119.789,0.002
battery-n800,800,config,no-floor-stops15,spatial_term,no-floor-stops15,0,3,0,False,0.0,35.4,1,12,0,0,21192,0.37,1774,3970,10360,10729,8,0.402,43.33,0.181,0.904,0.741,12229,3600,120.78,0.166,0.42,0.772,119.228,0.003
battery-n800,800,config,no-floor-stops15,spatial_term,no-floor-stops15,0,3,0,False,0.0,35.4,2,12,0,0,21192,0.37,1774,3970,10360,10729,8,0.402,43.33,0.181,0.904,0.741,12229,3600,120.74,0.166,0.408,0.745,119.256,0.003
battery-n800,800,config,no-floor-stops15,spatial_term,no-floor-stops15,0,3,0,False,0.0,35.4,3,12,0,0,21192,0.37,1774,3970,10360,10729,8,0.402,43.33,0.181,0.904,0.741,12229,3600,120.76,0.155,0.411,0.746,119.254,0.003
battery-n1000,1000,config,no-floor-stops15,spatial_term,no-floor-stops15,0,3,0,False,0.0,34.7,1,15,0,0,27462,0.676,1013,7273,10028,10752,8,0.508,53.07,0.186,0.91,0.741,16510,2040,121.14,0.255,0.656,1.124,118.878,0.004
battery-n1000,1000,config,no-floor-stops15,spatial_term,no-floor-stops15,0,3,0,False,0.0,34.7,2,15,0,0,27462,0.676,1013,7273,10028,10752,8,0.508,53.07,0.186,0.91,0.741,16510,2040,121.1,0.248,0.642,1.126,118.876,0.004
battery-n1000,1000,config,no-floor-stops15,spatial_term,no-floor-stops15,0,3,0,False,0.0,34.7,3,15,0,0,27462,0.676,1013,7273,10028,10752,8,0.508,53.07,0.186,0.91,0.741,16510,2040,121.13,0.25,0.639,1.121,118.881,0.004
battery-sparse-n250,250,config,no-floor-stops15,spatial_term,no-floor-stops15,0,3,0,False,0.0,85.8,1,5,0,0,15497,0.681,1153,6842,9567,10043,1,0.069,2.6,0.341,0.843,0.556,7087,6001,120.07,0.016,0.041,0.091,119.864,0.001
battery-sparse-n250,250,config,no-floor-stops15,spatial_term,no-floor-stops15,0,3,0,False,0.0,85.8,2,5,0,0,15497,0.681,1153,6842,9567,10043,1,0.069,2.6,0.341,0.843,0.556,7087,6001,120.11,0.015,0.04,0.087,119.911,0.001
battery-sparse-n250,250,config,no-floor-stops15,spatial_term,no-floor-stops15,0,3,0,False,0.0,85.8,3,5,0,0,15497,0.681,1153,6842,9567,10043,1,0.069,2.6,0.341,0.843,0.556,7087,6001,120.11,0.016,0.039,0.087,119.911,0.001
battery-sparse-n500,500,config,no-floor-stops15,spatial_term,no-floor-stops15,0,3,0,False,0.0,56.9,1,8,0,0,20935,0.812,611,8692,10196,10705,4,0.144,23.25,0.259,0.937,0.694,11473,1320,120.34,0.06,0.159,0.315,119.683,0.002
battery-sparse-n500,500,config,no-floor-stops15,spatial_term,no-floor-stops15,0,3,0,False,0.0,56.9,2,8,0,0,20935,0.812,611,8692,10196,10705,4,0.144,23.25,0.259,0.937,0.694,11473,1320,120.33,0.062,0.159,0.313,119.686,0.002
battery-sparse-n500,500,config,no-floor-stops15,spatial_term,no-floor-stops15,0,3,0,False,0.0,56.9,3,8,0,0,21062,0.887,480,9455,10271,10660,3,0.144,24.62,0.26,0.938,0.694,11600,1200,120.34,0.061,0.159,0.33,119.669,0.002
area-26-n157,157,config,no-floor-stops15,spatial_term,no-floor-stops15,0,3,0,False,0.0,48.1,1,3,0,0,4437,0.578,1881,5987,6926,10364,0,0.155,10.67,0.191,0.718,0.581,2054,3240,120.06,0.006,0.016,0.046,119.951,0.001
area-26-n157,157,config,no-floor-stops15,spatial_term,no-floor-stops15,0,3,0,False,0.0,48.1,2,3,0,0,4437,0.578,1881,5987,6926,10364,0,0.155,10.67,0.191,0.718,0.581,2054,3240,120.05,0.006,0.016,0.044,119.95,0.001
area-26-n157,157,config,no-floor-stops15,spatial_term,no-floor-stops15,0,3,0,False,0.0,48.1,3,3,0,0,4437,0.578,1881,5987,6926,10364,0,0.155,10.67,0.191,0.718,0.581,2054,3240,120.06,0.01,0.021,0.046,119.949,0.001
area-27-n72,72,config,no-floor-stops15,spatial_term,no-floor-stops15,0,3,0,False,0.0,29.8,1,1,0,0,1481,1.0,0,10121,10121,10121,0,0.0,0.0,0.146,0.937,0.8,942,0,120.03,0.002,0.005,0.016,119.982,0.0
area-27-n72,72,config,no-floor-stops15,spatial_term,no-floor-stops15,0,3,0,False,0.0,29.8,2,1,0,0,1481,1.0,0,10121,10121,10121,0,0.0,0.0,0.146,0.937,0.8,942,0,120.03,0.002,0.006,0.016,119.982,0.0
area-27-n72,72,config,no-floor-stops15,spatial_term,no-floor-stops15,0,3,0,False,0.0,29.8,3,1,0,0,1481,1.0,0,10121,10121,10121,0,0.0,0.0,0.146,0.937,0.8,942,0,120.03,0.002,0.007,0.015,119.982,0.0
area-29-n43,43,config,no-floor-stops15,spatial_term,no-floor-stops15,0,3,0,False,0.0,27.6,1,1,0,0,999,1.0,0,6159,6159,6159,0,0.0,0.0,0.162,0.57,0.478,611,2040,94.02,0.001,0.002,0.007,93.992,0.0
area-29-n43,43,config,no-floor-stops15,spatial_term,no-floor-stops15,0,3,0,False,0.0,27.6,2,1,0,0,999,1.0,0,6159,6159,6159,0,0.0,0.0,0.162,0.57,0.478,611,2040,94.02,0.001,0.002,0.007,93.991,0.0
area-29-n43,43,config,no-floor-stops15,spatial_term,no-floor-stops15,0,3,0,False,0.0,27.6,3,1,0,0,999,1.0,0,6159,6159,6159,0,0.0,0.0,0.162,0.57,0.478,611,2040,94.02,0.001,0.002,0.007,93.991,0.0
reference-n1607,1607,config,no-floor-stops15,spatial_term,no-floor-stops15,0,3,0,False,0.0,44.1,1,25,0,0,58896,0.664,854,7147,10409,10770,5,0.404,65.88,0.234,0.932,0.714,31840,9360,122.74,0.659,1.732,2.693,117.309,0.006
reference-n1607,1607,config,no-floor-stops15,spatial_term,no-floor-stops15,0,3,0,False,0.0,44.1,2,25,0,0,59081,0.664,852,7147,10409,10770,4,0.404,67.64,0.235,0.933,0.714,32025,9360,122.83,0.675,1.726,2.695,117.35,0.006
reference-n1607,1607,config,no-floor-stops15,spatial_term,no-floor-stops15,0,3,0,False,0.0,44.1,3,25,0,0,59125,0.614,913,6612,10409,10770,4,0.404,67.64,0.235,0.933,0.714,32069,9840,122.69,0.632,1.671,2.809,117.194,0.006
battery-n50,50,config,no-floor-lowfloor3600,spatial_term,no-floor-lowfloor3600,0,3,0,False,0.0,112.6,1,1,0,0,3419,1.0,0,9419,9419,9419,0,0.0,0.0,0.363,0.872,0.556,1352,1200,105.06,0.002,0.007,0.011,104.989,0.0
battery-n50,50,config,no-floor-lowfloor3600,spatial_term,no-floor-lowfloor3600,0,3,0,False,0.0,112.6,2,1,0,0,3419,1.0,0,9419,9419,9419,0,0.0,0.0,0.363,0.872,0.556,1352,1200,105.02,0.001,0.002,0.008,104.99,0.0
battery-n50,50,config,no-floor-lowfloor3600,spatial_term,no-floor-lowfloor3600,0,3,0,False,0.0,112.6,3,1,0,0,3419,1.0,0,9419,9419,9419,0,0.0,0.0,0.363,0.872,0.556,1352,1200,105.02,0.001,0.002,0.008,104.99,0.0
battery-n100,100,config,no-floor-lowfloor3600,spatial_term,no-floor-lowfloor3600,0,3,0,False,0.0,67.3,1,2,0,0,4274,0.654,1704,6433,8137,9841,0,0.03,5.0,0.263,0.754,0.556,1814,2400,120.05,0.003,0.007,0.02,119.978,0.0
battery-n100,100,config,no-floor-lowfloor3600,spatial_term,no-floor-lowfloor3600,0,3,0,False,0.0,67.3,2,2,0,0,4274,0.654,1704,6433,8137,9841,0,0.03,5.0,0.263,0.754,0.556,1814,2400,120.03,0.003,0.007,0.02,119.978,0.0
battery-n100,100,config,no-floor-lowfloor3600,spatial_term,no-floor-lowfloor3600,0,3,0,False,0.0,67.3,3,2,0,0,4274,0.654,1704,6433,8137,9841,0,0.03,5.0,0.263,0.754,0.556,1814,2400,120.03,0.003,0.007,0.02,119.979,0.0
battery-n200,200,config,no-floor-lowfloor3600,spatial_term,no-floor-lowfloor3600,0,3,0,False,0.0,59.0,1,4,0,0,7974,0.465,2004,4689,8604,10078,3,0.032,2.75,0.249,0.74,0.556,4496,4800,120.07,0.009,0.026,0.06,119.935,0.001
battery-n200,200,config,no-floor-lowfloor3600,spatial_term,no-floor-lowfloor3600,0,3,0,False,0.0,59.0,2,4,0,0,7974,0.465,2004,4689,8604,10078,3,0.032,2.75,0.249,0.74,0.556,4496,4800,120.08,0.009,0.025,0.06,119.938,0.001
battery-n200,200,config,no-floor-lowfloor3600,spatial_term,no-floor-lowfloor3600,0,3,0,False,0.0,59.0,3,4,0,0,7974,0.465,2004,4689,8604,10078,3,0.032,2.75,0.249,0.74,0.556,4496,4800,120.08,0.009,0.025,0.06,119.938,0.001
battery-n400,400,config,no-floor-lowfloor3600,spatial_term,no-floor-lowfloor3600,0,3,0,False,0.0,46.7,1,6,0,0,12827,0.82,710,8827,10488,10763,3,0.352,34.17,0.211,0.939,0.741,7295,960,120.22,0.036,0.102,0.201,119.798,0.002
battery-n400,400,config,no-floor-lowfloor3600,spatial_term,no-floor-lowfloor3600,0,3,0,False,0.0,46.7,2,6,0,0,12827,0.82,710,8827,10488,10763,3,0.352,34.17,0.211,0.939,0.741,7295,960,120.24,0.034,0.103,0.198,119.801,0.002
battery-n400,400,config,no-floor-lowfloor3600,spatial_term,no-floor-lowfloor3600,0,3,0,False,0.0,46.7,3,6,0,0,12827,0.82,710,8827,10488,10763,3,0.352,34.17,0.211,0.939,0.741,7295,960,120.23,0.038,0.106,0.197,119.802,0.001
battery-n800,800,config,no-floor-lowfloor3600,spatial_term,no-floor-lowfloor3600,0,3,0,False,0.0,35.4,1,12,0,0,20873,0.37,1776,3970,10360,10729,7,0.402,43.33,0.179,0.902,0.741,11910,3600,120.74,0.143,0.417,0.723,119.277,0.003
battery-n800,800,config,no-floor-lowfloor3600,spatial_term,no-floor-lowfloor3600,0,3,0,False,0.0,35.4,2,12,0,0,20873,0.37,1776,3970,10360,10729,7,0.402,43.33,0.179,0.902,0.741,11910,3600,120.72,0.14,0.417,0.722,119.277,0.003
battery-n800,800,config,no-floor-lowfloor3600,spatial_term,no-floor-lowfloor3600,0,3,0,False,0.0,35.4,3,12,0,0,20873,0.37,1776,3970,10360,10729,7,0.402,43.33,0.179,0.902,0.741,11910,3600,120.76,0.14,0.413,0.715,119.309,0.003
battery-n1000,1000,config,no-floor-lowfloor3600,spatial_term,no-floor-lowfloor3600,0,3,0,False,0.0,34.7,1,14,0,0,28040,0.932,229,10028,10680,10760,4,0.671,83.5,0.189,0.979,0.794,17077,0,121.24,0.219,0.674,1.156,118.954,0.004
battery-n1000,1000,config,no-floor-lowfloor3600,spatial_term,no-floor-lowfloor3600,0,3,0,False,0.0,34.7,2,14,0,0,28040,0.932,229,10028,10680,10760,4,0.671,83.5,0.189,0.979,0.794,17077,0,121.11,0.228,0.652,1.106,118.906,0.004
battery-n1000,1000,config,no-floor-lowfloor3600,spatial_term,no-floor-lowfloor3600,0,3,0,False,0.0,34.7,3,14,0,0,28040,0.932,229,10028,10680,10760,4,0.671,83.5,0.189,0.979,0.794,17077,0,121.12,0.231,0.654,1.087,118.916,0.004
battery-sparse-n250,250,config,no-floor-lowfloor3600,spatial_term,no-floor-lowfloor3600,0,3,0,False,0.0,85.8,1,5,0,0,15497,0.681,1153,6842,9567,10043,1,0.069,2.6,0.341,0.843,0.556,7087,6001,120.11,0.014,0.039,0.085,119.913,0.001
battery-sparse-n250,250,config,no-floor-lowfloor3600,spatial_term,no-floor-lowfloor3600,0,3,0,False,0.0,85.8,2,5,0,0,15497,0.681,1153,6842,9567,10043,1,0.069,2.6,0.341,0.843,0.556,7087,6001,120.11,0.014,0.039,0.085,119.915,0.001
battery-sparse-n250,250,config,no-floor-lowfloor3600,spatial_term,no-floor-lowfloor3600,0,3,0,False,0.0,85.8,3,5,0,0,15497,0.681,1153,6842,9567,10043,1,0.069,2.6,0.341,0.843,0.556,7087,6001,120.11,0.014,0.039,0.086,119.914,0.001
battery-sparse-n500,500,config,no-floor-lowfloor3600,spatial_term,no-floor-lowfloor3600,0,3,0,False,0.0,56.9,1,8,0,0,20935,0.812,611,8692,10196,10705,4,0.144,23.25,0.259,0.937,0.694,11473,1320,120.32,0.057,0.16,0.295,119.705,0.002
battery-sparse-n500,500,config,no-floor-lowfloor3600,spatial_term,no-floor-lowfloor3600,0,3,0,False,0.0,56.9,2,8,0,0,20935,0.812,611,8692,10196,10705,4,0.144,23.25,0.259,0.937,0.694,11473,1320,120.37,0.056,0.16,0.295,119.757,0.002
battery-sparse-n500,500,config,no-floor-lowfloor3600,spatial_term,no-floor-lowfloor3600,0,3,0,False,0.0,56.9,3,8,0,0,20935,0.812,611,8692,10196,10705,4,0.144,23.25,0.259,0.937,0.694,11473,1320,120.34,0.056,0.16,0.302,119.698,0.002
area-26-n157,157,config,no-floor-lowfloor3600,spatial_term,no-floor-lowfloor3600,0,3,0,False,0.0,48.1,1,3,0,0,4400,0.693,1341,6676,6927,9637,0,0.073,7.33,0.189,0.717,0.581,2017,3480,120.06,0.006,0.016,0.042,119.958,0.001
area-26-n157,157,config,no-floor-lowfloor3600,spatial_term,no-floor-lowfloor3600,0,3,0,False,0.0,48.1,2,3,0,0,4400,0.693,1341,6676,6927,9637,0,0.073,7.33,0.189,0.717,0.581,2017,3480,120.06,0.006,0.016,0.042,119.958,0.001
area-26-n157,157,config,no-floor-lowfloor3600,spatial_term,no-floor-lowfloor3600,0,3,0,False,0.0,48.1,3,3,0,0,4400,0.693,1341,6676,6927,9637,0,0.073,7.33,0.189,0.717,0.581,2017,3480,120.06,0.006,0.016,0.042,119.958,0.001
area-27-n72,72,config,no-floor-lowfloor3600,spatial_term,no-floor-lowfloor3600,0,3,0,False,0.0,29.8,1,1,0,0,1502,1.0,0,10142,10142,10142,0,0.0,0.0,0.148,0.939,0.8,963,0,120.02,0.002,0.004,0.014,119.986,0.0
area-27-n72,72,config,no-floor-lowfloor3600,spatial_term,no-floor-lowfloor3600,0,3,0,False,0.0,29.8,2,1,0,0,1502,1.0,0,10142,10142,10142,0,0.0,0.0,0.148,0.939,0.8,963,0,120.03,0.002,0.004,0.014,119.986,0.0
area-27-n72,72,config,no-floor-lowfloor3600,spatial_term,no-floor-lowfloor3600,0,3,0,False,0.0,29.8,3,1,0,0,1502,1.0,0,10142,10142,10142,0,0.0,0.0,0.148,0.939,0.8,963,0,120.03,0.002,0.004,0.014,119.986,0.0
area-29-n43,43,config,no-floor-lowfloor3600,spatial_term,no-floor-lowfloor3600,0,3,0,False,0.0,27.6,1,1,0,0,999,1.0,0,6159,6159,6159,0,0.0,0.0,0.162,0.57,0.478,611,2040,94.0,0.001,0.001,0.007,93.979,0.0
area-29-n43,43,config,no-floor-lowfloor3600,spatial_term,no-floor-lowfloor3600,0,3,0,False,0.0,27.6,2,1,0,0,999,1.0,0,6159,6159,6159,0,0.0,0.0,0.162,0.57,0.478,611,2040,94.01,0.001,0.001,0.006,93.988,0.0
area-29-n43,43,config,no-floor-lowfloor3600,spatial_term,no-floor-lowfloor3600,0,3,0,False,0.0,27.6,3,1,0,0,999,1.0,0,6159,6159,6159,0,0.0,0.0,0.162,0.57,0.478,611,2040,94.02,0.001,0.001,0.006,93.993,0.0
reference-n1607,1607,config,no-floor-lowfloor3600,spatial_term,no-floor-lowfloor3600,0,3,0,False,0.0,44.1,1,25,0,1,58278,0.718,828,7736,10322,10770,7,0.317,63.8,0.232,0.93,0.714,31222,9720,122.62,0.59,1.661,2.71,117.296,0.006
reference-n1607,1607,config,no-floor-lowfloor3600,spatial_term,no-floor-lowfloor3600,0,3,0,False,0.0,44.1,2,25,0,1,58236,0.718,832,7736,10322,10770,5,0.317,63.8,0.232,0.93,0.714,31180,9600,122.63,0.584,1.678,2.69,117.314,0.006
reference-n1607,1607,config,no-floor-lowfloor3600,spatial_term,no-floor-lowfloor3600,0,3,0,False,0.0,44.1,3,25,0,1,58278,0.718,828,7736,10322,10770,5,0.317,63.8,0.232,0.93,0.714,31222,9720,122.62,0.587,1.672,2.7,117.304,0.006
battery-n50,50,config,no-floor-lowfloor5400,spatial_term,no-floor-lowfloor5400,0,3,0,False,0.0,112.6,1,1,0,0,3419,1.0,0,9419,9419,9419,0,0.0,0.0,0.363,0.872,0.556,1352,1200,105.06,0.001,0.004,0.009,104.989,0.0
battery-n50,50,config,no-floor-lowfloor5400,spatial_term,no-floor-lowfloor5400,0,3,0,False,0.0,112.6,2,1,0,0,3419,1.0,0,9419,9419,9419,0,0.0,0.0,0.363,0.872,0.556,1352,1200,105.02,0.001,0.002,0.009,104.992,0.0
battery-n50,50,config,no-floor-lowfloor5400,spatial_term,no-floor-lowfloor5400,0,3,0,False,0.0,112.6,3,1,0,0,3419,1.0,0,9419,9419,9419,0,0.0,0.0,0.363,0.872,0.556,1352,1200,105.02,0.001,0.002,0.01,104.99,0.0
battery-n100,100,config,no-floor-lowfloor5400,spatial_term,no-floor-lowfloor5400,0,3,0,False,0.0,67.3,1,2,0,0,4301,0.649,1736,6415,8150,9886,0,0.03,5.0,0.264,0.754,0.556,1841,2400,120.06,0.003,0.007,0.021,119.98,0.0
battery-n100,100,config,no-floor-lowfloor5400,spatial_term,no-floor-lowfloor5400,0,3,0,False,0.0,67.3,2,2,0,0,4301,0.649,1736,6415,8150,9886,0,0.03,5.0,0.264,0.754,0.556,1841,2400,120.04,0.003,0.009,0.02,119.981,0.0
battery-n100,100,config,no-floor-lowfloor5400,spatial_term,no-floor-lowfloor5400,0,3,0,False,0.0,67.3,3,2,0,0,4301,0.649,1736,6415,8150,9886,0,0.03,5.0,0.264,0.754,0.556,1841,2400,120.01,0.003,0.007,0.02,119.954,0.0
battery-n200,200,config,no-floor-lowfloor5400,spatial_term,no-floor-lowfloor5400,0,3,0,False,0.0,59.0,1,4,0,0,8203,0.646,1347,6438,7901,9963,3,0.087,11.25,0.255,0.746,0.556,4725,5520,120.08,0.009,0.025,0.059,119.941,0.001
battery-n200,200,config,no-floor-lowfloor5400,spatial_term,no-floor-lowfloor5400,0,3,0,False,0.0,59.0,2,4,0,0,8203,0.646,1347,6438,7901,9963,3,0.087,11.25,0.255,0.746,0.556,4725,5520,120.08,0.009,0.025,0.059,119.942,0.001
battery-n200,200,config,no-floor-lowfloor5400,spatial_term,no-floor-lowfloor5400,0,3,0,False,0.0,59.0,3,4,0,0,8203,0.646,1347,6438,7901,9963,3,0.087,11.25,0.255,0.746,0.556,4725,5520,120.08,0.009,0.025,0.062,119.938,0.001
battery-n400,400,config,no-floor-lowfloor5400,spatial_term,no-floor-lowfloor5400,0,3,0,False,0.0,46.7,1,6,0,0,12579,0.864,550,9283,10304,10741,3,0.528,31.5,0.208,0.935,0.741,7047,120,120.23,0.038,0.102,0.205,119.797,0.002
battery-n400,400,config,no-floor-lowfloor5400,spatial_term,no-floor-lowfloor5400,0,3,0,False,0.0,46.7,2,6,0,0,12579,0.864,550,9283,10304,10741,3,0.528,31.5,0.208,0.935,0.741,7047,120,120.25,0.039,0.102,0.198,119.803,0.002
battery-n400,400,config,no-floor-lowfloor5400,spatial_term,no-floor-lowfloor5400,0,3,0,False,0.0,46.7,3,6,0,0,12579,0.864,550,9283,10304,10741,3,0.528,31.5,0.208,0.935,0.741,7047,120,120.23,0.035,0.101,0.201,119.8,0.002
battery-n800,800,config,no-floor-lowfloor5400,spatial_term,no-floor-lowfloor5400,0,3,0,False,0.0,35.4,1,12,0,0,22392,0.528,1311,5640,10288,10680,8,0.42,43.17,0.189,0.914,0.741,13429,3600,120.76,0.152,0.41,0.713,119.289,0.003
battery-n800,800,config,no-floor-lowfloor5400,spatial_term,no-floor-lowfloor5400,0,3,0,False,0.0,35.4,2,12,0,0,22392,0.528,1311,5640,10288,10680,8,0.42,43.17,0.189,0.914,0.741,13429,3600,120.77,0.148,0.424,0.72,119.298,0.003
battery-n800,800,config,no-floor-lowfloor5400,spatial_term,no-floor-lowfloor5400,0,3,0,False,0.0,35.4,3,12,0,0,22392,0.528,1311,5640,10288,10680,8,0.42,43.17,0.189,0.914,0.741,13429,3600,120.75,0.152,0.408,0.729,119.273,0.003
battery-n1000,1000,config,no-floor-lowfloor5400,spatial_term,no-floor-lowfloor5400,0,3,0,False,0.0,34.7,1,15,0,0,27039,0.565,1210,6048,10028,10703,7,0.412,44.07,0.184,0.908,0.741,16087,3240,121.11,0.23,0.641,1.098,118.907,0.004
battery-n1000,1000,config,no-floor-lowfloor5400,spatial_term,no-floor-lowfloor5400,0,3,0,False,0.0,34.7,2,15,0,0,27039,0.565,1210,6048,10028,10703,7,0.412,44.07,0.184,0.908,0.741,16087,3240,121.09,0.239,0.64,1.095,118.907,0.004
battery-n1000,1000,config,no-floor-lowfloor5400,spatial_term,no-floor-lowfloor5400,0,3,0,False,0.0,34.7,3,15,0,0,27039,0.565,1210,6048,10028,10703,7,0.412,44.07,0.184,0.908,0.741,16087,3240,121.11,0.241,0.636,1.087,118.918,0.004
battery-sparse-n250,250,config,no-floor-lowfloor5400,spatial_term,no-floor-lowfloor5400,0,3,0,False,0.0,85.8,1,5,0,0,14945,0.506,1997,5448,9869,10772,2,0.124,5.4,0.333,0.832,0.556,6535,6000,120.11,0.014,0.039,0.084,119.917,0.001
battery-sparse-n250,250,config,no-floor-lowfloor5400,spatial_term,no-floor-lowfloor5400,0,3,0,False,0.0,85.8,2,5,0,0,14945,0.506,1997,5448,9869,10772,2,0.124,5.4,0.333,0.832,0.556,6535,6000,120.11,0.015,0.039,0.085,119.917,0.001
battery-sparse-n250,250,config,no-floor-lowfloor5400,spatial_term,no-floor-lowfloor5400,0,3,0,False,0.0,85.8,3,5,0,0,14945,0.506,1997,5448,9869,10772,2,0.124,5.4,0.333,0.832,0.556,6535,6000,120.11,0.014,0.039,0.085,119.917,0.001
battery-sparse-n500,500,config,no-floor-lowfloor5400,spatial_term,no-floor-lowfloor5400,0,3,0,False,0.0,56.9,1,8,0,0,20935,0.812,611,8692,10196,10705,4,0.144,23.25,0.259,0.937,0.694,11473,1320,120.36,0.056,0.165,0.3,119.714,0.002
battery-sparse-n500,500,config,no-floor-lowfloor5400,spatial_term,no-floor-lowfloor5400,0,3,0,False,0.0,56.9,2,8,0,0,20935,0.812,611,8692,10196,10705,4,0.144,23.25,0.259,0.937,0.694,11473,1320,120.34,0.057,0.171,0.295,119.707,0.002
battery-sparse-n500,500,config,no-floor-lowfloor5400,spatial_term,no-floor-lowfloor5400,0,3,0,False,0.0,56.9,3,8,0,0,20935,0.812,611,8692,10196,10705,4,0.144,23.25,0.259,0.937,0.694,11473,1320,120.34,0.058,0.168,0.302,119.7,0.002
area-26-n157,157,config,no-floor-lowfloor5400,spatial_term,no-floor-lowfloor5400,0,3,0,False,0.0,48.1,1,3,0,0,4393,0.834,584,6944,7967,8322,0,0.048,4.0,0.189,0.717,0.581,2010,2760,120.08,0.006,0.016,0.042,119.96,0.001
area-26-n157,157,config,no-floor-lowfloor5400,spatial_term,no-floor-lowfloor5400,0,3,0,False,0.0,48.1,2,3,0,0,4393,0.834,584,6944,7967,8322,0,0.048,4.0,0.189,0.717,0.581,2010,2760,120.06,0.006,0.016,0.044,119.958,0.001
area-26-n157,157,config,no-floor-lowfloor5400,spatial_term,no-floor-lowfloor5400,0,3,0,False,0.0,48.1,3,3,0,0,4393,0.834,584,6944,7967,8322,0,0.048,4.0,0.189,0.717,0.581,2010,2760,120.06,0.006,0.016,0.042,119.96,0.001
area-27-n72,72,config,no-floor-lowfloor5400,spatial_term,no-floor-lowfloor5400,0,3,0,False,0.0,29.8,1,1,0,0,1481,1.0,0,10121,10121,10121,0,0.0,0.0,0.146,0.937,0.8,942,0,120.03,0.002,0.004,0.014,119.987,0.0
area-27-n72,72,config,no-floor-lowfloor5400,spatial_term,no-floor-lowfloor5400,0,3,0,False,0.0,29.8,2,1,0,0,1481,1.0,0,10121,10121,10121,0,0.0,0.0,0.146,0.937,0.8,942,0,120.03,0.002,0.004,0.014,119.987,0.0
area-27-n72,72,config,no-floor-lowfloor5400,spatial_term,no-floor-lowfloor5400,0,3,0,False,0.0,29.8,3,1,0,0,1481,1.0,0,10121,10121,10121,0,0.0,0.0,0.146,0.937,0.8,942,0,119.93,0.002,0.004,0.015,119.891,0.0
area-29-n43,43,config,no-floor-lowfloor5400,spatial_term,no-floor-lowfloor5400,0,3,0,False,0.0,27.6,1,1,0,0,999,1.0,0,6159,6159,6159,0,0.0,0.0,0.162,0.57,0.478,611,2040,94.02,0.001,0.003,0.007,93.992,0.0
area-29-n43,43,config,no-floor-lowfloor5400,spatial_term,no-floor-lowfloor5400,0,3,0,False,0.0,27.6,2,1,0,0,999,1.0,0,6159,6159,6159,0,0.0,0.0,0.162,0.57,0.478,611,2040,94.02,0.001,0.001,0.007,93.992,0.0
area-29-n43,43,config,no-floor-lowfloor5400,spatial_term,no-floor-lowfloor5400,0,3,0,False,0.0,27.6,3,1,0,0,999,1.0,0,6159,6159,6159,0,0.0,0.0,0.162,0.57,0.478,611,2040,94.02,0.001,0.003,0.006,93.994,0.0
reference-n1607,1607,config,no-floor-lowfloor5400,spatial_term,no-floor-lowfloor5400,0,3,0,False,0.0,44.1,1,25,0,0,60141,0.791,615,8505,10320,10753,12,0.524,66.12,0.238,0.937,0.714,33085,7440,122.68,0.63,1.686,2.678,117.326,0.006
reference-n1607,1607,config,no-floor-lowfloor5400,spatial_term,no-floor-lowfloor5400,0,3,0,False,0.0,44.1,2,25,0,0,60141,0.791,615,8505,10320,10753,12,0.524,66.12,0.238,0.937,0.714,33085,7440,122.62,0.6,1.658,2.695,117.308,0.006
reference-n1607,1607,config,no-floor-lowfloor5400,spatial_term,no-floor-lowfloor5400,0,3,0,False,0.0,44.1,3,25,0,0,60209,0.791,649,8505,10409,10753,12,0.524,66.64,0.238,0.937,0.714,33153,7440,122.63,0.594,1.655,2.744,117.26,0.006
battery-n50,50,config,feasible-floor-b095,spatial_term,feasible-floor-b095,0,3,0,False,0.0,112.6,1,1,0,0,3419,1.0,0,9419,9419,9419,0,0.0,0.0,0.363,0.872,0.556,1352,1200,105.06,0.001,0.006,0.011,104.989,0.0
battery-n50,50,config,feasible-floor-b095,spatial_term,feasible-floor-b095,0,3,0,False,0.0,112.6,2,1,0,0,3419,1.0,0,9419,9419,9419,0,0.0,0.0,0.363,0.872,0.556,1352,1200,105.02,0.001,0.002,0.008,104.991,0.0
battery-n50,50,config,feasible-floor-b095,spatial_term,feasible-floor-b095,0,3,0,False,0.0,112.6,3,1,0,0,3419,1.0,0,9419,9419,9419,0,0.0,0.0,0.363,0.872,0.556,1352,1200,105.04,0.001,0.002,0.009,105.013,0.0
battery-n100,100,config,feasible-floor-b095,spatial_term,feasible-floor-b095,0,3,0,False,0.0,67.3,1,2,0,0,4256,0.652,1713,6415,8128,9841,0,0.03,5.0,0.262,0.752,0.556,1796,2400,120.05,0.003,0.007,0.021,119.979,0.0
battery-n100,100,config,feasible-floor-b095,spatial_term,feasible-floor-b095,0,3,0,False,0.0,67.3,2,2,0,0,4256,0.652,1713,6415,8128,9841,0,0.03,5.0,0.262,0.752,0.556,1796,2400,120.04,0.003,0.007,0.021,119.979,0.0
battery-n100,100,config,feasible-floor-b095,spatial_term,feasible-floor-b095,0,3,0,False,0.0,67.3,3,2,0,0,4256,0.652,1713,6415,8128,9841,0,0.03,5.0,0.262,0.752,0.556,1796,2400,120.04,0.003,0.007,0.021,119.979,0.0
battery-n200,200,config,feasible-floor-b095,spatial_term,feasible-floor-b095,0,3,0,False,0.0,59.0,1,4,0,0,8274,0.679,1313,6756,7784,9950,4,0.048,3.0,0.256,0.747,0.556,4796,4800,120.08,0.01,0.027,0.061,119.939,0.001
battery-n200,200,config,feasible-floor-b095,spatial_term,feasible-floor-b095,0,3,0,False,0.0,59.0,2,4,0,0,8274,0.679,1313,6756,7784,9950,4,0.048,3.0,0.256,0.747,0.556,4796,4800,120.08,0.009,0.025,0.063,119.937,0.001
battery-n200,200,config,feasible-floor-b095,spatial_term,feasible-floor-b095,0,3,0,False,0.0,59.0,3,4,0,0,8274,0.679,1313,6756,7784,9950,4,0.048,3.0,0.256,0.747,0.556,4796,4800,120.08,0.009,0.025,0.061,119.94,0.001
battery-n400,400,config,feasible-floor-b095,spatial_term,feasible-floor-b095,0,3,0,False,0.0,46.7,1,6,0,0,14553,0.884,437,9480,10604,10726,6,0.194,59.67,0.233,0.965,0.741,9021,120,120.23,0.037,0.101,0.207,119.794,0.002
battery-n400,400,config,feasible-floor-b095,spatial_term,feasible-floor-b095,0,3,0,False,0.0,46.7,2,6,0,0,14553,0.884,437,9480,10604,10726,6,0.194,59.67,0.233,0.965,0.741,9021,120,120.19,0.036,0.101,0.205,119.734,0.002
battery-n400,400,config,feasible-floor-b095,spatial_term,feasible-floor-b095,0,3,0,False,0.0,46.7,3,6,0,0,14358,0.866,507,9285,10604,10726,6,0.194,59.67,0.23,0.962,0.741,8826,120,120.25,0.035,0.117,0.201,119.799,0.002
battery-n800,800,config,feasible-floor-b095,spatial_term,feasible-floor-b095,0,3,0,False,0.0,35.4,1,12,0,0,21665,0.749,890,7918,10358,10568,6,0.288,30.83,0.184,0.908,0.741,12702,720,120.75,0.145,0.411,0.718,119.282,0.003
battery-n800,800,config,feasible-floor-b095,spatial_term,feasible-floor-b095,0,3,0,False,0.0,35.4,2,12,0,0,21665,0.749,890,7918,10358,10568,6,0.288,30.83,0.184,0.908,0.741,12702,720,120.72,0.144,0.408,0.716,119.284,0.003
battery-n800,800,config,feasible-floor-b095,spatial_term,feasible-floor-b095,0,3,0,False,0.0,35.4,3,12,0,0,21665,0.749,890,7918,10358,10568,6,0.288,30.83,0.184,0.908,0.741,12702,720,120.75,0.142,0.414,0.735,119.265,0.003
battery-n1000,1000,config,feasible-floor-b095,spatial_term,feasible-floor-b095,0,3,0,False,0.0,34.7,1,15,0,0,27169,0.688,1039,7365,10028,10703,9,0.412,45.53,0.185,0.909,0.741,16217,1920,121.11,0.227,0.645,1.084,118.917,0.004
battery-n1000,1000,config,feasible-floor-b095,spatial_term,feasible-floor-b095,0,3,0,False,0.0,34.7,2,15,0,0,27169,0.688,1039,7365,10028,10703,9,0.412,45.53,0.185,0.909,0.741,16217,1920,121.1,0.23,0.657,1.116,118.884,0.004
battery-n1000,1000,config,feasible-floor-b095,spatial_term,feasible-floor-b095,0,3,0,False,0.0,34.7,3,15,0,0,27169,0.688,1039,7365,10028,10703,9,0.412,45.53,0.185,0.909,0.741,16217,1920,121.11,0.232,0.642,1.102,118.898,0.004
battery-sparse-n250,250,config,feasible-floor-b095,spatial_term,feasible-floor-b095,0,3,0,False,0.0,85.8,1,5,0,0,15525,0.768,859,7562,9517,9846,1,0.295,16.8,0.341,0.843,0.556,7115,6000,120.07,0.014,0.042,0.085,119.871,0.001
battery-sparse-n250,250,config,feasible-floor-b095,spatial_term,feasible-floor-b095,0,3,0,False,0.0,85.8,2,5,0,0,15525,0.768,859,7562,9517,9846,1,0.295,16.8,0.341,0.843,0.556,7115,6000,120.11,0.014,0.039,0.086,119.912,0.001
battery-sparse-n250,250,config,feasible-floor-b095,spatial_term,feasible-floor-b095,0,3,0,False,0.0,85.8,3,5,0,0,15525,0.768,859,7562,9517,9846,1,0.295,16.8,0.341,0.843,0.556,7115,6000,120.11,0.014,0.045,0.091,119.907,0.001
battery-sparse-n500,500,config,feasible-floor-b095,spatial_term,feasible-floor-b095,0,3,0,False,0.0,56.9,1,8,0,0,20935,0.812,611,8692,10196,10705,4,0.144,23.25,0.259,0.937,0.694,11473,1320,120.34,0.056,0.16,0.298,119.7,0.002
battery-sparse-n500,500,config,feasible-floor-b095,spatial_term,feasible-floor-b095,0,3,0,False,0.0,56.9,2,8,0,0,20935,0.812,611,8692,10196,10705,4,0.144,23.25,0.259,0.937,0.694,11473,1320,120.33,0.057,0.165,0.297,119.702,0.002
battery-sparse-n500,500,config,feasible-floor-b095,spatial_term,feasible-floor-b095,0,3,0,False,0.0,56.9,3,8,0,0,20935,0.812,611,8692,10196,10705,4,0.144,23.25,0.259,0.937,0.694,11473,1320,120.33,0.058,0.163,0.301,119.697,0.002
area-26-n157,157,config,feasible-floor-b095,spatial_term,feasible-floor-b095,0,3,0,False,0.0,48.1,1,3,0,0,4425,0.838,570,6976,7967,8322,0,0.048,4.0,0.19,0.718,0.581,2042,2760,120.07,0.006,0.016,0.046,119.951,0.001
area-26-n157,157,config,feasible-floor-b095,spatial_term,feasible-floor-b095,0,3,0,False,0.0,48.1,2,3,0,0,4425,0.838,570,6976,7967,8322,0,0.048,4.0,0.19,0.718,0.581,2042,2760,120.05,0.006,0.016,0.043,119.951,0.001
area-26-n157,157,config,feasible-floor-b095,spatial_term,feasible-floor-b095,0,3,0,False,0.0,48.1,3,3,0,0,4425,0.838,570,6976,7967,8322,0,0.048,4.0,0.19,0.718,0.581,2042,2760,120.05,0.006,0.016,0.042,119.954,0.001
area-27-n72,72,config,feasible-floor-b095,spatial_term,feasible-floor-b095,0,3,0,False,0.0,29.8,1,1,0,0,1502,1.0,0,10142,10142,10142,0,0.0,0.0,0.148,0.939,0.8,963,0,120.02,0.001,0.004,0.014,119.983,0.0
area-27-n72,72,config,feasible-floor-b095,spatial_term,feasible-floor-b095,0,3,0,False,0.0,29.8,2,1,0,0,1502,1.0,0,10142,10142,10142,0,0.0,0.0,0.148,0.939,0.8,963,0,120.02,0.002,0.004,0.014,119.983,0.0
area-27-n72,72,config,feasible-floor-b095,spatial_term,feasible-floor-b095,0,3,0,False,0.0,29.8,3,1,0,0,1502,1.0,0,10142,10142,10142,0,0.0,0.0,0.148,0.939,0.8,963,0,120.02,0.002,0.004,0.014,119.984,0.0
area-29-n43,43,config,feasible-floor-b095,spatial_term,feasible-floor-b095,0,3,0,False,0.0,27.6,1,1,0,0,999,1.0,0,6159,6159,6159,0,0.0,0.0,0.162,0.57,0.478,611,2040,94.02,0.001,0.002,0.007,93.992,0.0
area-29-n43,43,config,feasible-floor-b095,spatial_term,feasible-floor-b095,0,3,0,False,0.0,27.6,2,1,0,0,999,1.0,0,6159,6159,6159,0,0.0,0.0,0.162,0.57,0.478,611,2040,94.02,0.001,0.002,0.01,93.991,0.0
area-29-n43,43,config,feasible-floor-b095,spatial_term,feasible-floor-b095,0,3,0,False,0.0,27.6,3,1,0,0,999,1.0,0,6159,6159,6159,0,0.0,0.0,0.162,0.57,0.478,611,2040,94.02,0.001,0.002,0.006,93.992,0.0
reference-n1607,1607,config,feasible-floor-b095,spatial_term,feasible-floor-b095,0,3,0,False,0.0,44.1,1,25,0,0,59345,0.694,768,7470,10307,10770,6,0.422,72.56,0.235,0.934,0.714,32289,8520,122.63,0.589,1.672,2.686,117.316,0.006
reference-n1607,1607,config,feasible-floor-b095,spatial_term,feasible-floor-b095,0,3,0,False,0.0,44.1,2,25,0,0,59325,0.694,764,7470,10307,10770,6,0.422,72.44,0.235,0.934,0.714,32269,8520,122.65,0.58,1.674,2.644,117.4,0.006
reference-n1607,1607,config,feasible-floor-b095,spatial_term,feasible-floor-b095,0,3,0,False,0.0,44.1,3,25,0,0,59345,0.694,768,7470,10307,10770,6,0.422,72.56,0.235,0.934,0.714,32289,8520,122.66,0.598,1.684,2.683,117.321,0.006
battery-n50,50,config,no-floor-stops10,spatial_term,no-floor-stops10,0,10,0,False,0.0,112.6,1,1,0,0,3569,1.0,0,9569,9569,9569,1,0.0,0.0,0.373,0.886,0.556,1502,1200,105.06,0.001,0.008,0.009,104.99,0.0
battery-n50,50,config,no-floor-stops10,spatial_term,no-floor-stops10,0,10,0,False,0.0,112.6,2,1,0,0,3569,1.0,0,9569,9569,9569,1,0.0,0.0,0.373,0.886,0.556,1502,1200,105.03,0.005,0.002,0.009,104.99,0.0
battery-n50,50,config,no-floor-stops10,spatial_term,no-floor-stops10,0,10,0,False,0.0,112.6,3,1,0,0,3569,1.0,0,9569,9569,9569,1,0.0,0.0,0.373,0.886,0.556,1502,1200,105.02,0.004,0.002,0.01,104.989,0.0
battery-n100,100,config,no-floor-stops10,spatial_term,no-floor-stops10,0,10,0,False,0.0,67.3,1,2,0,0,4450,0.646,1770,6455,8225,9995,1,0.03,5.0,0.271,0.762,0.556,1990,2400,120.12,0.003,0.007,0.022,120.034,0.0
battery-n100,100,config,no-floor-stops10,spatial_term,no-floor-stops10,0,10,0,False,0.0,67.3,2,2,0,0,4450,0.646,1770,6455,8225,9995,1,0.03,5.0,0.271,0.762,0.556,1990,2400,120.04,0.005,0.007,0.021,119.979,0.0
battery-n100,100,config,no-floor-stops10,spatial_term,no-floor-stops10,0,10,0,False,0.0,67.3,3,2,0,0,4450,0.646,1770,6455,8225,9995,1,0.03,5.0,0.271,0.762,0.556,1990,2400,120.04,0.003,0.007,0.023,119.983,0.0
battery-n200,200,config,no-floor-stops10,spatial_term,no-floor-stops10,0,10,0,False,0.0,59.0,1,4,0,0,8962,0.673,1184,6218,8755,9234,2,0.059,4.75,0.272,0.763,0.556,5484,4800,120.08,0.011,0.025,0.064,119.937,0.001
battery-n200,200,config,no-floor-stops10,spatial_term,no-floor-stops10,0,10,0,False,0.0,59.0,2,4,0,0,8962,0.673,1184,6218,8755,9234,2,0.059,4.75,0.272,0.763,0.556,5484,4800,120.08,0.012,0.025,0.063,119.938,0.001
battery-n200,200,config,no-floor-stops10,spatial_term,no-floor-stops10,0,10,0,False,0.0,59.0,3,4,0,0,8962,0.673,1184,6218,8755,9234,2,0.059,4.75,0.272,0.763,0.556,5484,4800,120.1,0.011,0.046,0.064,119.936,0.001
battery-n400,400,config,no-floor-stops10,spatial_term,no-floor-stops10,0,10,0,False,0.0,46.7,1,6,0,0,15526,0.956,171,10292,10664,10769,2,0.295,36.83,0.244,0.98,0.741,9994,480,120.24,0.044,0.102,0.208,119.794,0.002
battery-n400,400,config,no-floor-stops10,spatial_term,no-floor-stops10,0,10,0,False,0.0,46.7,2,6,0,0,15416,0.939,235,10109,10690,10769,2,0.286,36.5,0.243,0.979,0.741,9884,480,120.25,0.039,0.1,0.215,119.787,0.002
battery-n400,400,config,no-floor-stops10,spatial_term,no-floor-stops10,0,10,0,False,0.0,46.7,3,6,0,0,15416,0.939,235,10109,10690,10769,2,0.286,36.5,0.243,0.979,0.741,9884,480,120.18,0.04,0.101,0.223,119.728,0.002
battery-n800,800,config,no-floor-stops10,spatial_term,no-floor-stops10,0,10,0,False,0.0,35.4,1,12,0,0,24023,0.385,1782,4144,10592,10758,2,0.409,49.08,0.2,0.926,0.741,15060,3600,120.77,0.165,0.407,0.746,119.256,0.003
battery-n800,800,config,no-floor-stops10,spatial_term,no-floor-stops10,0,10,0,False,0.0,35.4,2,12,0,0,24023,0.385,1782,4144,10592,10758,2,0.409,49.08,0.2,0.926,0.741,15060,3600,120.76,0.16,0.409,0.737,119.275,0.003
battery-n800,800,config,no-floor-stops10,spatial_term,no-floor-stops10,0,10,0,False,0.0,35.4,3,12,0,0,24023,0.385,1782,4144,10592,10758,2,0.409,49.08,0.2,0.926,0.741,15060,3600,120.77,0.164,0.412,0.777,119.225,0.003
battery-n1000,1000,config,no-floor-stops10,spatial_term,no-floor-stops10,0,10,0,False,0.0,34.7,1,15,0,0,32188,0.851,540,9158,10415,10766,1,0.392,47.93,0.212,0.939,0.741,21236,720,121.13,0.247,0.638,1.13,118.873,0.004
battery-n1000,1000,config,no-floor-stops10,spatial_term,no-floor-stops10,0,10,0,False,0.0,34.7,2,15,0,0,32188,0.851,540,9158,10415,10766,1,0.392,47.93,0.212,0.939,0.741,21236,720,121.11,0.246,0.644,1.108,118.896,0.004
battery-n1000,1000,config,no-floor-stops10,spatial_term,no-floor-stops10,0,10,0,False,0.0,34.7,3,15,0,0,32188,0.851,540,9158,10415,10766,1,0.392,47.93,0.212,0.939,0.741,21236,720,121.14,0.256,0.645,1.125,118.877,0.004
battery-sparse-n250,250,config,no-floor-stops10,spatial_term,no-floor-stops10,0,10,0,False,0.0,85.8,1,5,0,0,16366,0.603,1511,6328,9882,10487,1,0.532,28.8,0.353,0.859,0.556,7956,6000,120.14,0.016,0.04,0.091,119.931,0.001
battery-sparse-n250,250,config,no-floor-stops10,spatial_term,no-floor-stops10,0,10,0,False,0.0,85.8,2,5,0,0,16366,0.603,1511,6328,9882,10487,1,0.532,28.8,0.353,0.859,0.556,7956,6000,120.12,0.017,0.039,0.088,119.921,0.001
battery-sparse-n250,250,config,no-floor-stops10,spatial_term,no-floor-stops10,0,10,0,False,0.0,85.8,3,5,0,0,16366,0.603,1511,6328,9882,10487,1,0.532,28.8,0.353,0.859,0.556,7956,6000,120.12,0.015,0.039,0.088,119.916,0.001
battery-sparse-n500,500,config,no-floor-stops10,spatial_term,no-floor-stops10,0,10,0,False,0.0,56.9,1,8,0,0,23875,0.922,276,9900,10622,10738,2,0.545,57.12,0.285,0.971,0.694,14413,720,120.36,0.065,0.158,0.315,119.688,0.002
battery-sparse-n500,500,config,no-floor-stops10,spatial_term,no-floor-stops10,0,10,0,False,0.0,56.9,2,8,0,0,23875,0.922,276,9900,10622,10738,2,0.545,57.12,0.285,0.971,0.694,14413,720,120.33,0.061,0.158,0.312,119.688,0.002
battery-sparse-n500,500,config,no-floor-stops10,spatial_term,no-floor-stops10,0,10,0,False,0.0,56.9,3,8,0,0,23875,0.922,276,9900,10622,10738,2,0.545,57.12,0.285,0.971,0.694,14413,720,120.34,0.061,0.16,0.329,119.673,0.002
area-26-n157,157,config,no-floor-stops10,spatial_term,no-floor-stops10,0,10,0,False,0.0,48.1,1,3,0,0,4508,0.596,1795,6126,6945,10277,0,0.088,8.0,0.193,0.721,0.581,2125,3960,120.08,0.006,0.016,0.045,119.956,0.001
area-26-n157,157,config,no-floor-stops10,spatial_term,no-floor-stops10,0,10,0,False,0.0,48.1,2,3,0,0,4508,0.596,1795,6126,6945,10277,0,0.088,8.0,0.193,0.721,0.581,2125,3960,120.06,0.007,0.016,0.045,119.955,0.001
area-26-n157,157,config,no-floor-stops10,spatial_term,no-floor-stops10,0,10,0,False,0.0,48.1,3,3,0,0,4508,0.596,1795,6126,6945,10277,0,0.088,8.0,0.193,0.721,0.581,2125,3960,120.05,0.008,0.016,0.045,119.947,0.001
area-27-n72,72,config,no-floor-stops10,spatial_term,no-floor-stops10,0,10,0,False,0.0,29.8,1,1,0,0,1665,1.0,0,10305,10305,10305,0,0.0,0.0,0.162,0.954,0.8,1126,0,120.02,0.002,0.004,0.015,119.981,0.0
area-27-n72,72,config,no-floor-stops10,spatial_term,no-floor-stops10,0,10,0,False,0.0,29.8,2,1,0,0,1665,1.0,0,10305,10305,10305,0,0.0,0.0,0.162,0.954,0.8,1126,0,120.03,0.002,0.007,0.015,119.985,0.0
area-27-n72,72,config,no-floor-stops10,spatial_term,no-floor-stops10,0,10,0,False,0.0,29.8,3,1,0,0,1665,1.0,0,10305,10305,10305,0,0.0,0.0,0.162,0.954,0.8,1126,0,120.03,0.002,0.004,0.015,119.984,0.0
area-29-n43,43,config,no-floor-stops10,spatial_term,no-floor-stops10,0,10,0,False,0.0,27.6,1,1,0,0,999,1.0,0,6159,6159,6159,0,0.0,0.0,0.162,0.57,0.478,611,2040,94.02,0.001,0.002,0.01,93.991,0.0
area-29-n43,43,config,no-floor-stops10,spatial_term,no-floor-stops10,0,10,0,False,0.0,27.6,2,1,0,0,999,1.0,0,6159,6159,6159,0,0.0,0.0,0.162,0.57,0.478,611,2040,94.02,0.001,0.002,0.012,93.988,0.0
area-29-n43,43,config,no-floor-stops10,spatial_term,no-floor-stops10,0,10,0,False,0.0,27.6,3,1,0,0,999,1.0,0,6159,6159,6159,0,0.0,0.0,0.162,0.57,0.478,611,2040,94.02,0.001,0.002,0.008,93.993,0.0
reference-n1607,1607,config,no-floor-stops10,spatial_term,no-floor-stops10,0,10,0,False,0.0,44.1,1,25,0,0,64470,0.859,447,9248,10429,10760,3,0.509,66.76,0.251,0.953,0.714,37414,7680,122.69,0.635,1.679,2.685,117.321,0.006
reference-n1607,1607,config,no-floor-stops10,spatial_term,no-floor-stops10,0,10,0,False,0.0,44.1,2,25,0,0,64478,0.858,461,9237,10480,10760,3,0.509,66.76,0.251,0.953,0.714,37422,7920,122.66,0.64,1.661,2.737,117.266,0.006
reference-n1607,1607,config,no-floor-stops10,spatial_term,no-floor-stops10,0,10,0,False,0.0,44.1,3,25,0,0,64470,0.859,447,9248,10429,10760,3,0.509,66.76,0.251,0.953,0.714,37414,7680,122.59,0.631,1.66,2.703,117.219,0.006
battery-n50,50,config,no-floor-stops10,spatial_term,no-floor-stops10,0,30,0,False,0.0,112.6,1,1,0,0,3784,1.0,0,9784,9784,9784,0,0.0,0.0,0.387,0.906,0.556,1717,1200,105.06,0.002,0.004,0.01,104.99,0.0
battery-n50,50,config,no-floor-stops10,spatial_term,no-floor-stops10,0,30,0,False,0.0,112.6,2,1,0,0,3784,1.0,0,9784,9784,9784,0,0.0,0.0,0.387,0.906,0.556,1717,1200,105.03,0.001,0.002,0.011,104.989,0.0
battery-n50,50,config,no-floor-stops10,spatial_term,no-floor-stops10,0,30,0,False,0.0,112.6,3,1,0,0,3784,1.0,0,9784,9784,9784,0,0.0,0.0,0.387,0.906,0.556,1717,1200,105.02,0.003,0.002,0.013,104.987,0.0
battery-n100,100,config,no-floor-stops10,spatial_term,no-floor-stops10,0,30,0,False,0.0,67.3,1,2,0,0,4903,0.618,1998,6453,8452,10450,0,0.03,5.0,0.29,0.783,0.556,2443,2400,120.12,0.003,0.008,0.023,120.033,0.0
battery-n100,100,config,no-floor-stops10,spatial_term,no-floor-stops10,0,30,0,False,0.0,67.3,2,2,0,0,4903,0.618,1998,6453,8452,10450,0,0.03,5.0,0.29,0.783,0.556,2443,2400,120.04,0.004,0.009,0.023,119.978,0.0
battery-n100,100,config,no-floor-stops10,spatial_term,no-floor-stops10,0,30,0,False,0.0,67.3,3,2,0,0,4903,0.618,1998,6453,8452,10450,0,0.03,5.0,0.29,0.783,0.556,2443,2400,120.04,0.004,0.007,0.025,119.976,0.0
battery-n200,200,config,no-floor-stops10,spatial_term,no-floor-stops10,0,30,0,False,0.0,59.0,1,4,0,0,9124,0.49,1947,5098,8816,10394,2,0.032,2.75,0.275,0.766,0.556,5646,4800,120.09,0.012,0.026,0.068,119.932,0.001
battery-n200,200,config,no-floor-stops10,spatial_term,no-floor-stops10,0,30,0,False,0.0,59.0,2,4,0,0,9124,0.49,1947,5098,8816,10394,2,0.032,2.75,0.275,0.766,0.556,5646,4800,120.09,0.01,0.026,0.066,119.934,0.001
battery-n200,200,config,no-floor-stops10,spatial_term,no-floor-stops10,0,30,0,False,0.0,59.0,3,4,0,0,9124,0.49,1947,5098,8816,10394,2,0.032,2.75,0.275,0.766,0.556,5646,4800,120.09,0.01,0.026,0.069,119.931,0.001
battery-n400,400,config,no-floor-stops10,spatial_term,no-floor-stops10,0,30,0,False,0.0,46.7,1,6,0,0,15556,0.973,97,10475,10578,10761,3,0.414,35.17,0.245,0.981,0.741,10024,720,120.24,0.047,0.103,0.224,119.777,0.002
battery-n400,400,config,no-floor-stops10,spatial_term,no-floor-stops10,0,30,0,False,0.0,46.7,2,6,0,0,15556,0.973,97,10475,10578,10761,3,0.414,35.17,0.245,0.981,0.741,10024,720,120.25,0.043,0.103,0.224,119.776,0.002
battery-n400,400,config,no-floor-stops10,spatial_term,no-floor-stops10,0,30,0,False,0.0,46.7,3,6,0,0,15556,0.973,97,10475,10578,10761,3,0.414,35.17,0.245,0.981,0.741,10024,720,120.18,0.041,0.103,0.223,119.728,0.002
battery-n800,800,config,no-floor-stops10,spatial_term,no-floor-stops10,0,30,0,False,0.0,35.4,1,12,0,0,27657,0.816,560,8754,10495,10729,4,0.602,41.0,0.224,0.954,0.741,18694,360,120.78,0.166,0.417,0.785,119.216,0.003
battery-n800,800,config,no-floor-stops10,spatial_term,no-floor-stops10,0,30,0,False,0.0,35.4,2,12,0,0,27657,0.816,560,8754,10495,10729,4,0.602,41.0,0.224,0.954,0.741,18694,360,120.76,0.16,0.416,0.784,119.218,0.003
battery-n800,800,config,no-floor-stops10,spatial_term,no-floor-stops10,0,30,0,False,0.0,35.4,3,12,0,0,27657,0.816,560,8754,10495,10729,4,0.602,41.0,0.224,0.954,0.741,18694,360,120.77,0.161,0.415,0.834,119.167,0.003
battery-n1000,1000,config,no-floor-stops10,spatial_term,no-floor-stops10,0,30,0,False,0.0,34.7,1,15,0,0,35361,0.873,456,9400,10521,10771,0,0.525,55.8,0.228,0.959,0.741,24409,480,121.13,0.241,0.652,1.167,118.836,0.004
battery-n1000,1000,config,no-floor-stops10,spatial_term,no-floor-stops10,0,30,0,False,0.0,34.7,2,15,0,0,35361,0.873,456,9400,10521,10771,0,0.525,55.8,0.228,0.959,0.741,24409,480,121.12,0.243,0.65,1.208,118.796,0.004
battery-n1000,1000,config,no-floor-stops10,spatial_term,no-floor-stops10,0,30,0,False,0.0,34.7,3,15,0,0,35361,0.873,456,9400,10521,10771,0,0.525,55.8,0.228,0.959,0.741,24409,480,121.13,0.24,0.648,1.187,118.816,0.004
battery-sparse-n250,250,config,no-floor-stops10,spatial_term,no-floor-stops10,0,30,0,False,0.0,85.8,1,5,0,0,15998,0.583,1660,6099,10161,10467,0,0.371,11.6,0.348,0.852,0.556,7588,6000,120.13,0.016,0.04,0.093,119.929,0.001
battery-sparse-n250,250,config,no-floor-stops10,spatial_term,no-floor-stops10,0,30,0,False,0.0,85.8,2,5,0,0,15998,0.583,1660,6099,10161,10467,0,0.371,11.6,0.348,0.852,0.556,7588,6000,120.12,0.017,0.04,0.093,119.916,0.001
battery-sparse-n250,250,config,no-floor-stops10,spatial_term,no-floor-stops10,0,30,0,False,0.0,85.8,3,5,0,0,15998,0.583,1660,6099,10161,10467,0,0.371,11.6,0.348,0.852,0.556,7588,6000,120.11,0.015,0.039,0.093,119.908,0.001
battery-sparse-n500,500,config,no-floor-stops10,spatial_term,no-floor-stops10,0,30,0,False,0.0,56.9,1,9,0,0,24798,0.591,1284,6334,9537,10709,1,0.333,31.0,0.292,0.872,0.617,15356,6120,120.36,0.063,0.161,0.349,119.653,0.002
battery-sparse-n500,500,config,no-floor-stops10,spatial_term,no-floor-stops10,0,30,0,False,0.0,56.9,2,9,0,0,24798,0.591,1284,6334,9537,10709,1,0.333,31.0,0.292,0.872,0.617,15356,6120,120.33,0.062,0.161,0.324,119.676,0.002
battery-sparse-n500,500,config,no-floor-stops10,spatial_term,no-floor-stops10,0,30,0,False,0.0,56.9,3,9,0,0,24798,0.591,1284,6334,9537,10709,1,0.333,31.0,0.292,0.872,0.617,15356,6120,120.33,0.061,0.162,0.331,119.671,0.002
area-26-n157,157,config,no-floor-stops10,spatial_term,no-floor-stops10,0,30,0,False,0.0,48.1,1,3,0,0,4434,0.839,565,6985,7967,8322,0,0.048,4.0,0.191,0.719,0.581,2051,2760,120.08,0.006,0.016,0.048,119.953,0.001
area-26-n157,157,config,no-floor-stops10,spatial_term,no-floor-stops10,0,30,0,False,0.0,48.1,2,3,0,0,4434,0.839,565,6985,7967,8322,0,0.048,4.0,0.191,0.719,0.581,2051,2760,120.06,0.008,0.019,0.049,119.951,0.001
area-26-n157,157,config,no-floor-stops10,spatial_term,no-floor-stops10,0,30,0,False,0.0,48.1,3,3,0,0,4434,0.839,565,6985,7967,8322,0,0.048,4.0,0.191,0.719,0.581,2051,2760,120.06,0.011,0.016,0.047,119.945,0.001
area-27-n72,72,config,no-floor-stops10,spatial_term,no-floor-stops10,0,30,0,False,0.0,29.8,1,1,0,0,1665,1.0,0,10305,10305,10305,0,0.0,0.0,0.162,0.954,0.8,1126,0,120.03,0.003,0.004,0.016,119.981,0.0
area-27-n72,72,config,no-floor-stops10,spatial_term,no-floor-stops10,0,30,0,False,0.0,29.8,2,1,0,0,1665,1.0,0,10305,10305,10305,0,0.0,0.0,0.162,0.954,0.8,1126,0,120.03,0.002,0.004,0.017,119.983,0.0
area-27-n72,72,config,no-floor-stops10,spatial_term,no-floor-stops10,0,30,0,False,0.0,29.8,3,1,0,0,1665,1.0,0,10305,10305,10305,0,0.0,0.0,0.162,0.954,0.8,1126,0,120.03,0.003,0.004,0.016,119.985,0.0
area-29-n43,43,config,no-floor-stops10,spatial_term,no-floor-stops10,0,30,0,False,0.0,27.6,1,1,0,0,999,1.0,0,6159,6159,6159,0,0.0,0.0,0.162,0.57,0.478,611,2040,94.02,0.001,0.002,0.007,93.993,0.0
area-29-n43,43,config,no-floor-stops10,spatial_term,no-floor-stops10,0,30,0,False,0.0,27.6,2,1,0,0,999,1.0,0,6159,6159,6159,0,0.0,0.0,0.162,0.57,0.478,611,2040,94.02,0.001,0.002,0.013,93.987,0.0
area-29-n43,43,config,no-floor-stops10,spatial_term,no-floor-stops10,0,30,0,False,0.0,27.6,3,1,0,0,999,1.0,0,6159,6159,6159,0,0.0,0.0,0.162,0.57,0.478,611,2040,94.02,0.001,0.002,0.009,93.991,0.0
reference-n1607,1607,config,no-floor-stops10,spatial_term,no-floor-stops10,0,30,0,False,0.0,44.1,1,26,0,1,61182,0.011,2237,120,10526,10770,18,0.305,88.35,0.241,0.905,0.687,34143,15240,122.73,0.639,1.72,2.849,117.156,0.006
reference-n1607,1607,config,no-floor-stops10,spatial_term,no-floor-stops10,0,30,0,False,0.0,44.1,2,26,0,1,61182,0.011,2237,120,10526,10770,18,0.305,88.35,0.241,0.905,0.687,34143,15240,122.66,0.623,1.675,2.877,117.126,0.006
reference-n1607,1607,config,no-floor-stops10,spatial_term,no-floor-stops10,0,30,0,False,0.0,44.1,3,26,0,1,61182,0.011,2237,120,10526,10770,18,0.305,88.35,0.241,0.905,0.687,34143,15240,122.61,0.624,1.678,2.849,117.074,0.006
