instance,n,k,service_total_sec,nn_mean_sec,nn_lower_bound_sec,msf_k_sec,floor_travel_lb_sec,travel_lb_sec,travel_ub_tmax_sec,feasible,saturation_apriori,relleno_lb_sec
battery-n50,50,1,6000,42.18,2067,2746,0,2746,4800,True,0.556,679
battery-n50,50,1,6000,42.18,2067,2746,1200,2746,4800,True,0.556,679
battery-n50,50,2,6000,42.18,2024,1975,0,1975,15600,True,0.278,0
battery-n50,50,2,6000,42.18,2024,1975,8400,8400,15600,True,0.278,6376
battery-n50,50,3,6000,42.18,1982,1745,0,1745,26400,True,0.185,0
battery-n50,50,3,6000,42.18,1982,1745,15600,15600,26400,True,0.185,13618
battery-n50,50,4,6000,42.18,1940,1547,0,1547,37200,True,0.139,0
battery-n50,50,4,6000,42.18,1940,1547,22800,22800,37200,True,0.139,20860
battery-n50,50,5,6000,42.18,1898,1358,0,1358,48000,True,0.111,0
battery-n50,50,5,6000,42.18,1898,1358,30000,30000,48000,True,0.111,28102
battery-n50,50,6,6000,42.18,1856,1228,0,1228,58800,True,0.093,0
battery-n50,50,6,6000,42.18,1856,1228,37200,37200,58800,True,0.093,35344
battery-n50,50,7,6000,42.18,1814,1137,0,1137,69600,True,0.079,0
battery-n50,50,7,6000,42.18,1814,1137,44400,44400,69600,True,0.079,42586
battery-n50,50,8,6000,42.18,1771,1055,0,1055,80400,True,0.069,0
battery-n50,50,8,6000,42.18,1771,1055,51600,51600,80400,True,0.069,49829
battery-n50,50,9,6000,42.18,1729,975,0,975,91200,True,0.062,0
battery-n50,50,9,6000,42.18,1729,975,58800,58800,91200,True,0.062,57071
battery-n50,50,10,6000,42.18,1687,900,0,900,102000,True,0.056,0
battery-n50,50,10,6000,42.18,1687,900,66000,66000,102000,True,0.056,64313
battery-n50,50,11,6000,42.18,1645,828,0,828,112800,True,0.051,0
battery-n50,50,11,6000,42.18,1645,828,73200,73200,112800,True,0.051,71555
battery-n50,50,12,6000,42.18,1603,767,0,767,123600,True,0.046,0
battery-n50,50,12,6000,42.18,1603,767,80400,80400,123600,True,0.046,78797
battery-n50,50,13,6000,42.18,1561,715,0,715,134400,True,0.043,0
battery-n50,50,13,6000,42.18,1561,715,87600,87600,134400,True,0.043,86039
battery-n50,50,14,6000,42.18,1518,664,0,664,145200,True,0.04,0
battery-n50,50,14,6000,42.18,1518,664,94800,94800,145200,True,0.04,93282
battery-n50,50,15,6000,42.18,1476,615,0,615,156000,True,0.037,0
battery-n50,50,15,6000,42.18,1476,615,102000,102000,156000,True,0.037,100524
battery-n50,50,16,6000,42.18,1434,566,0,566,166800,True,0.035,0
battery-n50,50,16,6000,42.18,1434,566,109200,109200,166800,True,0.035,107766
battery-n50,50,17,6000,42.18,1392,522,0,522,177600,True,0.033,0
battery-n50,50,17,6000,42.18,1392,522,116400,116400,177600,True,0.033,115008
battery-n50,50,18,6000,42.18,1350,483,0,483,188400,True,0.031,0
battery-n50,50,18,6000,42.18,1350,483,123600,123600,188400,True,0.031,122250
battery-n50,50,19,6000,42.18,1307,447,0,447,199200,True,0.029,0
battery-n50,50,19,6000,42.18,1307,447,130800,130800,199200,True,0.029,129493
battery-n50,50,20,6000,42.18,1265,415,0,415,210000,True,0.028,0
battery-n50,50,20,6000,42.18,1265,415,138000,138000,210000,True,0.028,136735
battery-n50,50,21,6000,42.18,1223,384,0,384,220800,True,0.026,0
battery-n50,50,21,6000,42.18,1223,384,145200,145200,220800,True,0.026,143977
battery-n50,50,22,6000,42.18,1181,356,0,356,231600,True,0.025,0
battery-n50,50,22,6000,42.18,1181,356,152400,152400,231600,True,0.025,151219
battery-n50,50,23,6000,42.18,1139,328,0,328,242400,True,0.024,0
battery-n50,50,23,6000,42.18,1139,328,159600,159600,242400,True,0.024,158461
battery-n50,50,24,6000,42.18,1097,300,0,300,253200,True,0.023,0
battery-n50,50,24,6000,42.18,1097,300,166800,166800,253200,True,0.023,165703
battery-n50,50,25,6000,42.18,1054,273,0,273,264000,True,0.022,0
battery-n50,50,25,6000,42.18,1054,273,174000,174000,264000,True,0.022,172946
battery-n50,50,26,6000,42.18,1012,248,0,248,274800,True,0.021,0
battery-n50,50,26,6000,42.18,1012,248,181200,181200,274800,True,0.021,180188
battery-n50,50,27,6000,42.18,970,223,0,223,285600,True,0.021,0
battery-n50,50,27,6000,42.18,970,223,188400,188400,285600,True,0.021,187430
battery-n50,50,28,6000,42.18,928,201,0,201,296400,True,0.02,0
battery-n50,50,28,6000,42.18,928,201,195600,195600,296400,True,0.02,194672
battery-n50,50,29,6000,42.18,886,181,0,181,307200,True,0.019,0
battery-n50,50,29,6000,42.18,886,181,202800,202800,307200,True,0.019,201914
battery-n50,50,30,6000,42.18,844,160,0,160,318000,True,0.019,0
battery-n50,50,30,6000,42.18,844,160,210000,210000,318000,True,0.019,209156
battery-n50,50,31,6000,42.18,801,143,0,143,328800,True,0.018,0
battery-n50,50,31,6000,42.18,801,143,217200,217200,328800,True,0.018,216399
battery-n50,50,32,6000,42.18,759,126,0,126,339600,True,0.017,0
battery-n50,50,32,6000,42.18,759,126,224400,224400,339600,True,0.017,223641
battery-n50,50,33,6000,42.18,717,111,0,111,350400,True,0.017,0
battery-n50,50,33,6000,42.18,717,111,231600,231600,350400,True,0.017,230883
battery-n50,50,34,6000,42.18,675,96,0,96,361200,True,0.016,0
battery-n50,50,34,6000,42.18,675,96,238800,238800,361200,True,0.016,238125
battery-n50,50,35,6000,42.18,633,82,0,82,372000,True,0.016,0
battery-n50,50,35,6000,42.18,633,82,246000,246000,372000,True,0.016,245367
battery-n50,50,36,6000,42.18,590,72,0,72,382800,True,0.015,0
battery-n50,50,36,6000,42.18,590,72,253200,253200,382800,True,0.015,252610
battery-n50,50,37,6000,42.18,548,62,0,62,393600,True,0.015,0
battery-n50,50,37,6000,42.18,548,62,260400,260400,393600,True,0.015,259852
battery-n50,50,38,6000,42.18,506,52,0,52,404400,True,0.015,0
battery-n50,50,38,6000,42.18,506,52,267600,267600,404400,True,0.015,267094
battery-n50,50,39,6000,42.18,464,43,0,43,415200,True,0.014,0
battery-n50,50,39,6000,42.18,464,43,274800,274800,415200,True,0.014,274336
battery-n50,50,40,6000,42.18,422,34,0,34,426000,True,0.014,0
battery-n50,50,40,6000,42.18,422,34,282000,282000,426000,True,0.014,281578
battery-n100,100,1,12000,25.1,2485,3371,0,3371,-1200,False,1.111,886
battery-n100,100,1,12000,25.1,2485,3371,0,3371,-1200,False,1.111,886
battery-n100,100,2,12000,25.1,2460,2601,0,2601,9600,True,0.556,141
battery-n100,100,2,12000,25.1,2460,2601,2400,2601,9600,True,0.556,141
battery-n100,100,3,12000,25.1,2435,2412,0,2412,20400,True,0.37,0
battery-n100,100,3,12000,25.1,2435,2412,9600,9600,20400,True,0.37,7165
battery-n100,100,4,12000,25.1,2410,2238,0,2238,31200,True,0.278,0
battery-n100,100,4,12000,25.1,2410,2238,16800,16800,31200,True,0.278,14390
battery-n100,100,5,12000,25.1,2384,2092,0,2092,42000,True,0.222,0
battery-n100,100,5,12000,25.1,2384,2092,24000,24000,42000,True,0.222,21616
battery-n100,100,6,12000,25.1,2359,1972,0,1972,52800,True,0.185,0
battery-n100,100,6,12000,25.1,2359,1972,31200,31200,52800,True,0.185,28841
battery-n100,100,7,12000,25.1,2334,1880,0,1880,63600,True,0.159,0
battery-n100,100,7,12000,25.1,2334,1880,38400,38400,63600,True,0.159,36066
battery-n100,100,8,12000,25.1,2309,1792,0,1792,74400,True,0.139,0
battery-n100,100,8,12000,25.1,2309,1792,45600,45600,74400,True,0.139,43291
battery-n100,100,9,12000,25.1,2284,1711,0,1711,85200,True,0.123,0
battery-n100,100,9,12000,25.1,2284,1711,52800,52800,85200,True,0.123,50516
battery-n100,100,10,12000,25.1,2259,1635,0,1635,96000,True,0.111,0
battery-n100,100,10,12000,25.1,2259,1635,60000,60000,96000,True,0.111,57741
battery-n100,100,11,12000,25.1,2234,1568,0,1568,106800,True,0.101,0
battery-n100,100,11,12000,25.1,2234,1568,67200,67200,106800,True,0.101,64966
battery-n100,100,12,12000,25.1,2209,1504,0,1504,117600,True,0.093,0
battery-n100,100,12,12000,25.1,2209,1504,74400,74400,117600,True,0.093,72191
battery-n100,100,13,12000,25.1,2184,1443,0,1443,128400,True,0.085,0
battery-n100,100,13,12000,25.1,2184,1443,81600,81600,128400,True,0.085,79416
battery-n100,100,14,12000,25.1,2159,1390,0,1390,139200,True,0.079,0
battery-n100,100,14,12000,25.1,2159,1390,88800,88800,139200,True,0.079,86641
battery-n100,100,15,12000,25.1,2133,1341,0,1341,150000,True,0.074,0
battery-n100,100,15,12000,25.1,2133,1341,96000,96000,150000,True,0.074,93866
battery-n100,100,16,12000,25.1,2108,1292,0,1292,160800,True,0.069,0
battery-n100,100,16,12000,25.1,2108,1292,103200,103200,160800,True,0.069,101092
battery-n100,100,17,12000,25.1,2083,1242,0,1242,171600,True,0.065,0
battery-n100,100,17,12000,25.1,2083,1242,110400,110400,171600,True,0.065,108317
battery-n100,100,18,12000,25.1,2058,1198,0,1198,182400,True,0.062,0
battery-n100,100,18,12000,25.1,2058,1198,117600,117600,182400,True,0.062,115542
battery-n100,100,19,12000,25.1,2033,1155,0,1155,193200,True,0.058,0
battery-n100,100,19,12000,25.1,2033,1155,124800,124800,193200,True,0.058,122767
battery-n100,100,20,12000,25.1,2008,1116,0,1116,204000,True,0.056,0
battery-n100,100,20,12000,25.1,2008,1116,132000,132000,204000,True,0.056,129992
battery-n100,100,21,12000,25.1,1983,1077,0,1077,214800,True,0.053,0
battery-n100,100,21,12000,25.1,1983,1077,139200,139200,214800,True,0.053,137217
battery-n100,100,22,12000,25.1,1958,1038,0,1038,225600,True,0.051,0
battery-n100,100,22,12000,25.1,1958,1038,146400,146400,225600,True,0.051,144442
battery-n100,100,23,12000,25.1,1933,1002,0,1002,236400,True,0.048,0
battery-n100,100,23,12000,25.1,1933,1002,153600,153600,236400,True,0.048,151667
battery-n100,100,24,12000,25.1,1908,966,0,966,247200,True,0.046,0
battery-n100,100,24,12000,25.1,1908,966,160800,160800,247200,True,0.046,158892
battery-n100,100,25,12000,25.1,1882,931,0,931,258000,True,0.044,0
battery-n100,100,25,12000,25.1,1882,931,168000,168000,258000,True,0.044,166118
battery-n100,100,26,12000,25.1,1857,898,0,898,268800,True,0.043,0
battery-n100,100,26,12000,25.1,1857,898,175200,175200,268800,True,0.043,173343
battery-n100,100,27,12000,25.1,1832,867,0,867,279600,True,0.041,0
battery-n100,100,27,12000,25.1,1832,867,182400,182400,279600,True,0.041,180568
battery-n100,100,28,12000,25.1,1807,837,0,837,290400,True,0.04,0
battery-n100,100,28,12000,25.1,1807,837,189600,189600,290400,True,0.04,187793
battery-n100,100,29,12000,25.1,1782,806,0,806,301200,True,0.038,0
battery-n100,100,29,12000,25.1,1782,806,196800,196800,301200,True,0.038,195018
battery-n100,100,30,12000,25.1,1757,778,0,778,312000,True,0.037,0
battery-n100,100,30,12000,25.1,1757,778,204000,204000,312000,True,0.037,202243
battery-n100,100,31,12000,25.1,1732,750,0,750,322800,True,0.036,0
battery-n100,100,31,12000,25.1,1732,750,211200,211200,322800,True,0.036,209468
battery-n100,100,32,12000,25.1,1707,722,0,722,333600,True,0.035,0
battery-n100,100,32,12000,25.1,1707,722,218400,218400,333600,True,0.035,216693
battery-n100,100,33,12000,25.1,1682,696,0,696,344400,True,0.034,0
battery-n100,100,33,12000,25.1,1682,696,225600,225600,344400,True,0.034,223918
battery-n100,100,34,12000,25.1,1657,670,0,670,355200,True,0.033,0
battery-n100,100,34,12000,25.1,1657,670,232800,232800,355200,True,0.033,231143
battery-n100,100,35,12000,25.1,1631,645,0,645,366000,True,0.032,0
battery-n100,100,35,12000,25.1,1631,645,240000,240000,366000,True,0.032,238368
battery-n100,100,36,12000,25.1,1606,620,0,620,376800,True,0.031,0
battery-n100,100,36,12000,25.1,1606,620,247200,247200,376800,True,0.031,245594
battery-n100,100,37,12000,25.1,1581,595,0,595,387600,True,0.03,0
battery-n100,100,37,12000,25.1,1581,595,254400,254400,387600,True,0.03,252819
battery-n100,100,38,12000,25.1,1556,572,0,572,398400,True,0.029,0
battery-n100,100,38,12000,25.1,1556,572,261600,261600,398400,True,0.029,260044
battery-n100,100,39,12000,25.1,1531,550,0,550,409200,True,0.028,0
battery-n100,100,39,12000,25.1,1531,550,268800,268800,409200,True,0.028,267269
battery-n100,100,40,12000,25.1,1506,528,0,528,420000,True,0.028,0
battery-n100,100,40,12000,25.1,1506,528,276000,276000,420000,True,0.028,274494
battery-n200,200,1,24000,17.74,3531,5900,0,5900,-13200,False,2.222,2369
battery-n200,200,1,24000,17.74,3531,5900,0,5900,-13200,False,2.222,2369
battery-n200,200,2,24000,17.74,3513,5130,0,5130,-2400,False,1.111,1617
battery-n200,200,2,24000,17.74,3513,5130,0,5130,-2400,False,1.111,1617
battery-n200,200,3,24000,17.74,3495,4730,0,4730,8400,True,0.741,1234
battery-n200,200,3,24000,17.74,3495,4730,0,4730,8400,True,0.741,1234
battery-n200,200,4,24000,17.74,3478,4541,0,4541,19200,True,0.556,1063
battery-n200,200,4,24000,17.74,3478,4541,4800,4800,19200,True,0.556,1322
battery-n200,200,5,24000,17.74,3460,4404,0,4404,30000,True,0.444,945
battery-n200,200,5,24000,17.74,3460,4404,12000,12000,30000,True,0.444,8540
battery-n200,200,6,24000,17.74,3442,4292,0,4292,40800,True,0.37,850
battery-n200,200,6,24000,17.74,3442,4292,19200,19200,40800,True,0.37,15758
battery-n200,200,7,24000,17.74,3424,4199,0,4199,51600,True,0.317,774
battery-n200,200,7,24000,17.74,3424,4199,26400,26400,51600,True,0.317,22976
battery-n200,200,8,24000,17.74,3407,4108,0,4108,62400,True,0.278,701
battery-n200,200,8,24000,17.74,3407,4108,33600,33600,62400,True,0.278,30193
battery-n200,200,9,24000,17.74,3389,4020,0,4020,73200,True,0.247,631
battery-n200,200,9,24000,17.74,3389,4020,40800,40800,73200,True,0.247,37411
battery-n200,200,10,24000,17.74,3371,3935,0,3935,84000,True,0.222,563
battery-n200,200,10,24000,17.74,3371,3935,48000,48000,84000,True,0.222,44629
battery-n200,200,11,24000,17.74,3354,3853,0,3853,94800,True,0.202,499
battery-n200,200,11,24000,17.74,3354,3853,55200,55200,94800,True,0.202,51846
battery-n200,200,12,24000,17.74,3336,3773,0,3773,105600,True,0.185,437
battery-n200,200,12,24000,17.74,3336,3773,62400,62400,105600,True,0.185,59064
battery-n200,200,13,24000,17.74,3318,3694,0,3694,116400,True,0.171,376
battery-n200,200,13,24000,17.74,3318,3694,69600,69600,116400,True,0.171,66282
battery-n200,200,14,24000,17.74,3300,3618,0,3618,127200,True,0.159,318
battery-n200,200,14,24000,17.74,3300,3618,76800,76800,127200,True,0.159,73500
battery-n200,200,15,24000,17.74,3283,3542,0,3542,138000,True,0.148,259
battery-n200,200,15,24000,17.74,3283,3542,84000,84000,138000,True,0.148,80717
battery-n200,200,16,24000,17.74,3265,3472,0,3472,148800,True,0.139,207
battery-n200,200,16,24000,17.74,3265,3472,91200,91200,148800,True,0.139,87935
battery-n200,200,17,24000,17.74,3247,3406,0,3406,159600,True,0.131,159
battery-n200,200,17,24000,17.74,3247,3406,98400,98400,159600,True,0.131,95153
battery-n200,200,18,24000,17.74,3229,3339,0,3339,170400,True,0.123,110
battery-n200,200,18,24000,17.74,3229,3339,105600,105600,170400,True,0.123,102371
battery-n200,200,19,24000,17.74,3212,3274,0,3274,181200,True,0.117,63
battery-n200,200,19,24000,17.74,3212,3274,112800,112800,181200,True,0.117,109588
battery-n200,200,20,24000,17.74,3194,3214,0,3214,192000,True,0.111,20
battery-n200,200,20,24000,17.74,3194,3214,120000,120000,192000,True,0.111,116806
battery-n200,200,21,24000,17.74,3176,3154,0,3154,202800,True,0.106,0
battery-n200,200,21,24000,17.74,3176,3154,127200,127200,202800,True,0.106,124024
battery-n200,200,22,24000,17.74,3158,3102,0,3102,213600,True,0.101,0
battery-n200,200,22,24000,17.74,3158,3102,134400,134400,213600,True,0.101,131242
battery-n200,200,23,24000,17.74,3141,3049,0,3049,224400,True,0.097,0
battery-n200,200,23,24000,17.74,3141,3049,141600,141600,224400,True,0.097,138459
battery-n200,200,24,24000,17.74,3123,2998,0,2998,235200,True,0.093,0
battery-n200,200,24,24000,17.74,3123,2998,148800,148800,235200,True,0.093,145677
battery-n200,200,25,24000,17.74,3105,2947,0,2947,246000,True,0.089,0
battery-n200,200,25,24000,17.74,3105,2947,156000,156000,246000,True,0.089,152895
battery-n200,200,26,24000,17.74,3087,2898,0,2898,256800,True,0.085,0
battery-n200,200,26,24000,17.74,3087,2898,163200,163200,256800,True,0.085,160113
battery-n200,200,27,24000,17.74,3070,2848,0,2848,267600,True,0.082,0
battery-n200,200,27,24000,17.74,3070,2848,170400,170400,267600,True,0.082,167330
battery-n200,200,28,24000,17.74,3052,2799,0,2799,278400,True,0.079,0
battery-n200,200,28,24000,17.74,3052,2799,177600,177600,278400,True,0.079,174548
battery-n200,200,29,24000,17.74,3034,2755,0,2755,289200,True,0.077,0
battery-n200,200,29,24000,17.74,3034,2755,184800,184800,289200,True,0.077,181766
battery-n200,200,30,24000,17.74,3016,2710,0,2710,300000,True,0.074,0
battery-n200,200,30,24000,17.74,3016,2710,192000,192000,300000,True,0.074,188984
battery-n200,200,31,24000,17.74,2999,2667,0,2667,310800,True,0.072,0
battery-n200,200,31,24000,17.74,2999,2667,199200,199200,310800,True,0.072,196201
battery-n200,200,32,24000,17.74,2981,2624,0,2624,321600,True,0.069,0
battery-n200,200,32,24000,17.74,2981,2624,206400,206400,321600,True,0.069,203419
battery-n200,200,33,24000,17.74,2963,2581,0,2581,332400,True,0.067,0
battery-n200,200,33,24000,17.74,2963,2581,213600,213600,332400,True,0.067,210637
battery-n200,200,34,24000,17.74,2945,2539,0,2539,343200,True,0.065,0
battery-n200,200,34,24000,17.74,2945,2539,220800,220800,343200,True,0.065,217855
battery-n200,200,35,24000,17.74,2928,2498,0,2498,354000,True,0.063,0
battery-n200,200,35,24000,17.74,2928,2498,228000,228000,354000,True,0.063,225072
battery-n200,200,36,24000,17.74,2910,2457,0,2457,364800,True,0.062,0
battery-n200,200,36,24000,17.74,2910,2457,235200,235200,364800,True,0.062,232290
battery-n200,200,37,24000,17.74,2892,2417,0,2417,375600,True,0.06,0
battery-n200,200,37,24000,17.74,2892,2417,242400,242400,375600,True,0.06,239508
battery-n200,200,38,24000,17.74,2874,2378,0,2378,386400,True,0.058,0
battery-n200,200,38,24000,17.74,2874,2378,249600,249600,386400,True,0.058,246726
battery-n200,200,39,24000,17.74,2857,2340,0,2340,397200,True,0.057,0
battery-n200,200,39,24000,17.74,2857,2340,256800,256800,397200,True,0.057,253943
battery-n200,200,40,24000,17.74,2839,2302,0,2302,408000,True,0.056,0
battery-n200,200,40,24000,17.74,2839,2302,264000,264000,408000,True,0.056,261161
battery-n400,400,1,48000,14.04,5602,9530,0,9530,-37200,False,4.444,3928
battery-n400,400,1,48000,14.04,5602,9530,0,9530,-37200,False,4.444,3928
battery-n400,400,2,48000,14.04,5588,8936,0,8936,-26400,False,2.222,3348
battery-n400,400,2,48000,14.04,5588,8936,0,8936,-26400,False,2.222,3348
battery-n400,400,3,48000,14.04,5574,8453,0,8453,-15600,False,1.481,2879
battery-n400,400,3,48000,14.04,5574,8453,0,8453,-15600,False,1.481,2879
battery-n400,400,4,48000,14.04,5560,8053,0,8053,-4800,False,1.111,2493
battery-n400,400,4,48000,14.04,5560,8053,0,8053,-4800,False,1.111,2493
battery-n400,400,5,48000,14.04,5546,7666,0,7666,6000,False,0.889,2121
battery-n400,400,5,48000,14.04,5546,7666,0,7666,6000,False,0.889,2121
battery-n400,400,6,48000,14.04,5532,7477,0,7477,16800,True,0.741,1946
battery-n400,400,6,48000,14.04,5532,7477,0,7477,16800,True,0.741,1946
battery-n400,400,7,48000,14.04,5518,7314,0,7314,27600,True,0.635,1797
battery-n400,400,7,48000,14.04,5518,7314,2400,7314,27600,True,0.635,1797
battery-n400,400,8,48000,14.04,5503,7178,0,7178,38400,True,0.556,1675
battery-n400,400,8,48000,14.04,5503,7178,9600,9600,38400,True,0.556,4097
battery-n400,400,9,48000,14.04,5489,7066,0,7066,49200,True,0.494,1577
battery-n400,400,9,48000,14.04,5489,7066,16800,16800,49200,True,0.494,11311
battery-n400,400,10,48000,14.04,5475,6973,0,6973,60000,True,0.444,1497
battery-n400,400,10,48000,14.04,5475,6973,24000,24000,60000,True,0.444,18525
battery-n400,400,11,48000,14.04,5461,6881,0,6881,70800,True,0.404,1420
battery-n400,400,11,48000,14.04,5461,6881,31200,31200,70800,True,0.404,25739
battery-n400,400,12,48000,14.04,5447,6800,0,6800,81600,True,0.37,1352
battery-n400,400,12,48000,14.04,5447,6800,38400,38400,81600,True,0.37,32953
battery-n400,400,13,48000,14.04,5433,6721,0,6721,92400,True,0.342,1288
battery-n400,400,13,48000,14.04,5433,6721,45600,45600,92400,True,0.342,40167
battery-n400,400,14,48000,14.04,5419,6645,0,6645,103200,True,0.317,1226
battery-n400,400,14,48000,14.04,5419,6645,52800,52800,103200,True,0.317,47381
battery-n400,400,15,48000,14.04,5405,6573,0,6573,114000,True,0.296,1168
battery-n400,400,15,48000,14.04,5405,6573,60000,60000,114000,True,0.296,54595
battery-n400,400,16,48000,14.04,5391,6504,0,6504,124800,True,0.278,1113
battery-n400,400,16,48000,14.04,5391,6504,67200,67200,124800,True,0.278,61809
battery-n400,400,17,48000,14.04,5377,6435,0,6435,135600,True,0.261,1058
battery-n400,400,17,48000,14.04,5377,6435,74400,74400,135600,True,0.261,69023
battery-n400,400,18,48000,14.04,5363,6368,0,6368,146400,True,0.247,1005
battery-n400,400,18,48000,14.04,5363,6368,81600,81600,146400,True,0.247,76237
battery-n400,400,19,48000,14.04,5349,6302,0,6302,157200,True,0.234,953
battery-n400,400,19,48000,14.04,5349,6302,88800,88800,157200,True,0.234,83451
battery-n400,400,20,48000,14.04,5335,6236,0,6236,168000,True,0.222,901
battery-n400,400,20,48000,14.04,5335,6236,96000,96000,168000,True,0.222,90665
battery-n400,400,21,48000,14.04,5321,6171,0,6171,178800,True,0.212,850
battery-n400,400,21,48000,14.04,5321,6171,103200,103200,178800,True,0.212,97879
battery-n400,400,22,48000,14.04,5307,6106,0,6106,189600,True,0.202,800
battery-n400,400,22,48000,14.04,5307,6106,110400,110400,189600,True,0.202,105093
battery-n400,400,23,48000,14.04,5293,6046,0,6046,200400,True,0.193,753
battery-n400,400,23,48000,14.04,5293,6046,117600,117600,200400,True,0.193,112307
battery-n400,400,24,48000,14.04,5279,5986,0,5986,211200,True,0.185,708
battery-n400,400,24,48000,14.04,5279,5986,124800,124800,211200,True,0.185,119521
battery-n400,400,25,48000,14.04,5265,5928,0,5928,222000,True,0.178,663
battery-n400,400,25,48000,14.04,5265,5928,132000,132000,222000,True,0.178,126735
battery-n400,400,26,48000,14.04,5251,5874,0,5874,232800,True,0.171,623
battery-n400,400,26,48000,14.04,5251,5874,139200,139200,232800,True,0.171,133949
battery-n400,400,27,48000,14.04,5237,5820,0,5820,243600,True,0.165,583
battery-n400,400,27,48000,14.04,5237,5820,146400,146400,243600,True,0.165,141163
battery-n400,400,28,48000,14.04,5223,5767,0,5767,254400,True,0.159,544
battery-n400,400,28,48000,14.04,5223,5767,153600,153600,254400,True,0.159,148377
battery-n400,400,29,48000,14.04,5209,5715,0,5715,265200,True,0.153,506
battery-n400,400,29,48000,14.04,5209,5715,160800,160800,265200,True,0.153,155591
battery-n400,400,30,48000,14.04,5195,5663,0,5663,276000,True,0.148,468
battery-n400,400,30,48000,14.04,5195,5663,168000,168000,276000,True,0.148,162805
battery-n400,400,31,48000,14.04,5181,5612,0,5612,286800,True,0.143,432
battery-n400,400,31,48000,14.04,5181,5612,175200,175200,286800,True,0.143,170019
battery-n400,400,32,48000,14.04,5167,5562,0,5562,297600,True,0.139,396
battery-n400,400,32,48000,14.04,5167,5562,182400,182400,297600,True,0.139,177233
battery-n400,400,33,48000,14.04,5152,5513,0,5513,308400,True,0.135,360
battery-n400,400,33,48000,14.04,5152,5513,189600,189600,308400,True,0.135,184448
battery-n400,400,34,48000,14.04,5138,5463,0,5463,319200,True,0.131,325
battery-n400,400,34,48000,14.04,5138,5463,196800,196800,319200,True,0.131,191662
battery-n400,400,35,48000,14.04,5124,5414,0,5414,330000,True,0.127,290
battery-n400,400,35,48000,14.04,5124,5414,204000,204000,330000,True,0.127,198876
battery-n400,400,36,48000,14.04,5110,5365,0,5365,340800,True,0.123,254
battery-n400,400,36,48000,14.04,5110,5365,211200,211200,340800,True,0.123,206090
battery-n400,400,37,48000,14.04,5096,5316,0,5316,351600,True,0.12,219
battery-n400,400,37,48000,14.04,5096,5316,218400,218400,351600,True,0.12,213304
battery-n400,400,38,48000,14.04,5082,5268,0,5268,362400,True,0.117,186
battery-n400,400,38,48000,14.04,5082,5268,225600,225600,362400,True,0.117,220518
battery-n400,400,39,48000,14.04,5068,5221,0,5221,373200,True,0.114,153
battery-n400,400,39,48000,14.04,5068,5221,232800,232800,373200,True,0.114,227732
battery-n400,400,40,48000,14.04,5054,5175,0,5175,384000,True,0.111,121
battery-n400,400,40,48000,14.04,5054,5175,240000,240000,384000,True,0.111,234946
battery-n800,800,1,96000,11.37,9088,14989,0,14989,-85200,False,8.889,5901
battery-n800,800,1,96000,11.37,9088,14989,0,14989,-85200,False,8.889,5901
battery-n800,800,2,96000,11.37,9076,14551,0,14551,-74400,False,4.444,5474
battery-n800,800,2,96000,11.37,9076,14551,0,14551,-74400,False,4.444,5474
battery-n800,800,3,96000,11.37,9065,14138,0,14138,-63600,False,2.963,5073
battery-n800,800,3,96000,11.37,9065,14138,0,14138,-63600,False,2.963,5073
battery-n800,800,4,96000,11.37,9054,13738,0,13738,-52800,False,2.222,4684
battery-n800,800,4,96000,11.37,9054,13738,0,13738,-52800,False,2.222,4684
battery-n800,800,5,96000,11.37,9042,13370,0,13370,-42000,False,1.778,4328
battery-n800,800,5,96000,11.37,9042,13370,0,13370,-42000,False,1.778,4328
battery-n800,800,6,96000,11.37,9031,13171,0,13171,-31200,False,1.481,4140
battery-n800,800,6,96000,11.37,9031,13171,0,13171,-31200,False,1.481,4140
battery-n800,800,7,96000,11.37,9019,12982,0,12982,-20400,False,1.27,3962
battery-n800,800,7,96000,11.37,9019,12982,0,12982,-20400,False,1.27,3962
battery-n800,800,8,96000,11.37,9008,12845,0,12845,-9600,False,1.111,3837
battery-n800,800,8,96000,11.37,9008,12845,0,12845,-9600,False,1.111,3837
battery-n800,800,9,96000,11.37,8997,12709,0,12709,1200,False,0.988,3712
battery-n800,800,9,96000,11.37,8997,12709,0,12709,1200,False,0.988,3712
battery-n800,800,10,96000,11.37,8985,12597,0,12597,12000,False,0.889,3612
battery-n800,800,10,96000,11.37,8985,12597,0,12597,12000,False,0.889,3612
battery-n800,800,11,96000,11.37,8974,12494,0,12494,22800,True,0.808,3520
battery-n800,800,11,96000,11.37,8974,12494,0,12494,22800,True,0.808,3520
battery-n800,800,12,96000,11.37,8963,12392,0,12392,33600,True,0.741,3429
battery-n800,800,12,96000,11.37,8963,12392,0,12392,33600,True,0.741,3429
battery-n800,800,13,96000,11.37,8951,12300,0,12300,44400,True,0.684,3348
battery-n800,800,13,96000,11.37,8951,12300,0,12300,44400,True,0.684,3348
battery-n800,800,14,96000,11.37,8940,12208,0,12208,55200,True,0.635,3268
battery-n800,800,14,96000,11.37,8940,12208,4800,12208,55200,True,0.635,3268
battery-n800,800,15,96000,11.37,8928,12116,0,12116,66000,True,0.593,3188
battery-n800,800,15,96000,11.37,8928,12116,12000,12116,66000,True,0.593,3188
battery-n800,800,16,96000,11.37,8917,12033,0,12033,76800,True,0.556,3116
battery-n800,800,16,96000,11.37,8917,12033,19200,19200,76800,True,0.556,10283
battery-n800,800,17,96000,11.37,8906,11952,0,11952,87600,True,0.523,3046
battery-n800,800,17,96000,11.37,8906,11952,26400,26400,87600,True,0.523,17494
battery-n800,800,18,96000,11.37,8894,11872,0,11872,98400,True,0.494,2978
battery-n800,800,18,96000,11.37,8894,11872,33600,33600,98400,True,0.494,24706
battery-n800,800,19,96000,11.37,8883,11797,0,11797,109200,True,0.468,2914
battery-n800,800,19,96000,11.37,8883,11797,40800,40800,109200,True,0.468,31917
battery-n800,800,20,96000,11.37,8872,11728,0,11728,120000,True,0.444,2856
battery-n800,800,20,96000,11.37,8872,11728,48000,48000,120000,True,0.444,39128
battery-n800,800,21,96000,11.37,8860,11661,0,11661,130800,True,0.423,2801
battery-n800,800,21,96000,11.37,8860,11661,55200,55200,130800,True,0.423,46340
battery-n800,800,22,96000,11.37,8849,11595,0,11595,141600,True,0.404,2746
battery-n800,800,22,96000,11.37,8849,11595,62400,62400,141600,True,0.404,53551
battery-n800,800,23,96000,11.37,8837,11529,0,11529,152400,True,0.386,2692
battery-n800,800,23,96000,11.37,8837,11529,69600,69600,152400,True,0.386,60763
battery-n800,800,24,96000,11.37,8826,11464,0,11464,163200,True,0.37,2638
battery-n800,800,24,96000,11.37,8826,11464,76800,76800,163200,True,0.37,67974
battery-n800,800,25,96000,11.37,8815,11400,0,11400,174000,True,0.356,2585
battery-n800,800,25,96000,11.37,8815,11400,84000,84000,174000,True,0.356,75185
battery-n800,800,26,96000,11.37,8803,11339,0,11339,184800,True,0.342,2536
battery-n800,800,26,96000,11.37,8803,11339,91200,91200,184800,True,0.342,82397
battery-n800,800,27,96000,11.37,8792,11279,0,11279,195600,True,0.329,2487
battery-n800,800,27,96000,11.37,8792,11279,98400,98400,195600,True,0.329,89608
battery-n800,800,28,96000,11.37,8781,11220,0,11220,206400,True,0.317,2440
battery-n800,800,28,96000,11.37,8781,11220,105600,105600,206400,True,0.317,96819
battery-n800,800,29,96000,11.37,8769,11161,0,11161,217200,True,0.307,2392
battery-n800,800,29,96000,11.37,8769,11161,112800,112800,217200,True,0.307,104031
battery-n800,800,30,96000,11.37,8758,11102,0,11102,228000,True,0.296,2345
battery-n800,800,30,96000,11.37,8758,11102,120000,120000,228000,True,0.296,111242
battery-n800,800,31,96000,11.37,8746,11046,0,11046,238800,True,0.287,2299
battery-n800,800,31,96000,11.37,8746,11046,127200,127200,238800,True,0.287,118454
battery-n800,800,32,96000,11.37,8735,10992,0,10992,249600,True,0.278,2257
battery-n800,800,32,96000,11.37,8735,10992,134400,134400,249600,True,0.278,125665
battery-n800,800,33,96000,11.37,8724,10938,0,10938,260400,True,0.269,2214
battery-n800,800,33,96000,11.37,8724,10938,141600,141600,260400,True,0.269,132876
battery-n800,800,34,96000,11.37,8712,10884,0,10884,271200,True,0.261,2172
battery-n800,800,34,96000,11.37,8712,10884,148800,148800,271200,True,0.261,140088
battery-n800,800,35,96000,11.37,8701,10831,0,10831,282000,True,0.254,2130
battery-n800,800,35,96000,11.37,8701,10831,156000,156000,282000,True,0.254,147299
battery-n800,800,36,96000,11.37,8690,10779,0,10779,292800,True,0.247,2089
battery-n800,800,36,96000,11.37,8690,10779,163200,163200,292800,True,0.247,154510
battery-n800,800,37,96000,11.37,8678,10727,0,10727,303600,True,0.24,2049
battery-n800,800,37,96000,11.37,8678,10727,170400,170400,303600,True,0.24,161722
battery-n800,800,38,96000,11.37,8667,10675,0,10675,314400,True,0.234,2009
battery-n800,800,38,96000,11.37,8667,10675,177600,177600,314400,True,0.234,168933
battery-n800,800,39,96000,11.37,8655,10624,0,10624,325200,True,0.228,1968
battery-n800,800,39,96000,11.37,8655,10624,184800,184800,325200,True,0.228,176145
battery-n800,800,40,96000,11.37,8644,10573,0,10573,336000,True,0.222,1929
battery-n800,800,40,96000,11.37,8644,10573,192000,192000,336000,True,0.222,183356
battery-n1000,1000,1,120000,11.12,11107,17990,0,17990,-109200,False,11.111,6883
battery-n1000,1000,1,120000,11.12,11107,17990,0,17990,-109200,False,11.111,6883
battery-n1000,1000,2,120000,11.12,11096,17577,0,17577,-98400,False,5.556,6481
battery-n1000,1000,2,120000,11.12,11096,17577,0,17577,-98400,False,5.556,6481
battery-n1000,1000,3,120000,11.12,11085,17177,0,17177,-87600,False,3.704,6092
battery-n1000,1000,3,120000,11.12,11085,17177,0,17177,-87600,False,3.704,6092
battery-n1000,1000,4,120000,11.12,11074,16810,0,16810,-76800,False,2.778,5736
battery-n1000,1000,4,120000,11.12,11074,16810,0,16810,-76800,False,2.778,5736
battery-n1000,1000,5,120000,11.12,11063,16621,0,16621,-66000,False,2.222,5558
battery-n1000,1000,5,120000,11.12,11063,16621,0,16621,-66000,False,2.222,5558
battery-n1000,1000,6,120000,11.12,11052,16450,0,16450,-55200,False,1.852,5398
battery-n1000,1000,6,120000,11.12,11052,16450,0,16450,-55200,False,1.852,5398
battery-n1000,1000,7,120000,11.12,11041,16283,0,16283,-44400,False,1.587,5242
battery-n1000,1000,7,120000,11.12,11041,16283,0,16283,-44400,False,1.587,5242
battery-n1000,1000,8,120000,11.12,11030,16147,0,16147,-33600,False,1.389,5117
battery-n1000,1000,8,120000,11.12,11030,16147,0,16147,-33600,False,1.389,5117
battery-n1000,1000,9,120000,11.12,11018,16031,0,16031,-22800,False,1.235,5012
battery-n1000,1000,9,120000,11.12,11018,16031,0,16031,-22800,False,1.235,5012
battery-n1000,1000,10,120000,11.12,11007,15919,0,15919,-12000,False,1.111,4911
battery-n1000,1000,10,120000,11.12,11007,15919,0,15919,-12000,False,1.111,4911
battery-n1000,1000,11,120000,11.12,10996,15816,0,15816,-1200,False,1.01,4819
battery-n1000,1000,11,120000,11.12,10996,15816,0,15816,-1200,False,1.01,4819
battery-n1000,1000,12,120000,11.12,10985,15714,0,15714,9600,False,0.926,4729
battery-n1000,1000,12,120000,11.12,10985,15714,0,15714,9600,False,0.926,4729
battery-n1000,1000,13,120000,11.12,10974,15621,0,15621,20400,True,0.855,4647
battery-n1000,1000,13,120000,11.12,10974,15621,0,15621,20400,True,0.855,4647
battery-n1000,1000,14,120000,11.12,10963,15529,0,15529,31200,True,0.794,4567
battery-n1000,1000,14,120000,11.12,10963,15529,0,15529,31200,True,0.794,4567
battery-n1000,1000,15,120000,11.12,10952,15438,0,15438,42000,True,0.741,4486
battery-n1000,1000,15,120000,11.12,10952,15438,0,15438,42000,True,0.741,4486
battery-n1000,1000,16,120000,11.12,10941,15350,0,15350,52800,True,0.694,4409
battery-n1000,1000,16,120000,11.12,10941,15350,0,15350,52800,True,0.694,4409
battery-n1000,1000,17,120000,11.12,10929,15262,0,15262,63600,True,0.654,4333
battery-n1000,1000,17,120000,11.12,10929,15262,2400,15262,63600,True,0.654,4333
battery-n1000,1000,18,120000,11.12,10918,15179,0,15179,74400,True,0.617,4261
battery-n1000,1000,18,120000,11.12,10918,15179,9600,15179,74400,True,0.617,4261
battery-n1000,1000,19,120000,11.12,10907,15097,0,15097,85200,True,0.585,4189
battery-n1000,1000,19,120000,11.12,10907,15097,16800,16800,85200,True,0.585,5893
battery-n1000,1000,20,120000,11.12,10896,15015,0,15015,96000,True,0.556,4119
battery-n1000,1000,20,120000,11.12,10896,15015,24000,24000,96000,True,0.556,13104
battery-n1000,1000,21,120000,11.12,10885,14936,0,14936,106800,True,0.529,4051
battery-n1000,1000,21,120000,11.12,10885,14936,31200,31200,106800,True,0.529,20315
battery-n1000,1000,22,120000,11.12,10874,14860,0,14860,117600,True,0.505,3986
battery-n1000,1000,22,120000,11.12,10874,14860,38400,38400,117600,True,0.505,27526
battery-n1000,1000,23,120000,11.12,10863,14790,0,14790,128400,True,0.483,3927
battery-n1000,1000,23,120000,11.12,10863,14790,45600,45600,128400,True,0.483,34737
battery-n1000,1000,24,120000,11.12,10852,14719,0,14719,139200,True,0.463,3868
battery-n1000,1000,24,120000,11.12,10852,14719,52800,52800,139200,True,0.463,41948
battery-n1000,1000,25,120000,11.12,10841,14650,0,14650,150000,True,0.444,3810
battery-n1000,1000,25,120000,11.12,10841,14650,60000,60000,150000,True,0.444,49159
battery-n1000,1000,26,120000,11.12,10829,14584,0,14584,160800,True,0.427,3754
battery-n1000,1000,26,120000,11.12,10829,14584,67200,67200,160800,True,0.427,56371
battery-n1000,1000,27,120000,11.12,10818,14517,0,14517,171600,True,0.412,3699
battery-n1000,1000,27,120000,11.12,10818,14517,74400,74400,171600,True,0.412,63582
battery-n1000,1000,28,120000,11.12,10807,14452,0,14452,182400,True,0.397,3645
battery-n1000,1000,28,120000,11.12,10807,14452,81600,81600,182400,True,0.397,70793
battery-n1000,1000,29,120000,11.12,10796,14388,0,14388,193200,True,0.383,3592
battery-n1000,1000,29,120000,11.12,10796,14388,88800,88800,193200,True,0.383,78004
battery-n1000,1000,30,120000,11.12,10785,14324,0,14324,204000,True,0.37,3539
battery-n1000,1000,30,120000,11.12,10785,14324,96000,96000,204000,True,0.37,85215
battery-n1000,1000,31,120000,11.12,10774,14263,0,14263,214800,True,0.358,3489
battery-n1000,1000,31,120000,11.12,10774,14263,103200,103200,214800,True,0.358,92426
battery-n1000,1000,32,120000,11.12,10763,14204,0,14204,225600,True,0.347,3441
battery-n1000,1000,32,120000,11.12,10763,14204,110400,110400,225600,True,0.347,99637
battery-n1000,1000,33,120000,11.12,10752,14145,0,14145,236400,True,0.337,3393
battery-n1000,1000,33,120000,11.12,10752,14145,117600,117600,236400,True,0.337,106848
battery-n1000,1000,34,120000,11.12,10740,14086,0,14086,247200,True,0.327,3345
battery-n1000,1000,34,120000,11.12,10740,14086,124800,124800,247200,True,0.327,114060
battery-n1000,1000,35,120000,11.12,10729,14027,0,14027,258000,True,0.317,3297
battery-n1000,1000,35,120000,11.12,10729,14027,132000,132000,258000,True,0.317,121271
battery-n1000,1000,36,120000,11.12,10718,13970,0,13970,268800,True,0.309,3252
battery-n1000,1000,36,120000,11.12,10718,13970,139200,139200,268800,True,0.309,128482
battery-n1000,1000,37,120000,11.12,10707,13915,0,13915,279600,True,0.3,3207
battery-n1000,1000,37,120000,11.12,10707,13915,146400,146400,279600,True,0.3,135693
battery-n1000,1000,38,120000,11.12,10696,13861,0,13861,290400,True,0.292,3165
battery-n1000,1000,38,120000,11.12,10696,13861,153600,153600,290400,True,0.292,142904
battery-n1000,1000,39,120000,11.12,10685,13807,0,13807,301200,True,0.285,3122
battery-n1000,1000,39,120000,11.12,10685,13807,160800,160800,301200,True,0.285,150115
battery-n1000,1000,40,120000,11.12,10674,13754,0,13754,312000,True,0.278,3080
battery-n1000,1000,40,120000,11.12,10674,13754,168000,168000,312000,True,0.278,157326
battery-sparse-n250,250,1,30000,34.33,8548,12436,0,12436,-19200,False,2.778,3888
battery-sparse-n250,250,1,30000,34.33,8548,12436,0,12436,-19200,False,2.778,3888
battery-sparse-n250,250,2,30000,34.33,8513,11934,0,11934,-8400,False,1.389,3421
battery-sparse-n250,250,2,30000,34.33,8513,11934,0,11934,-8400,False,1.389,3421
battery-sparse-n250,250,3,30000,34.33,8479,11561,0,11561,2400,False,0.926,3082
battery-sparse-n250,250,3,30000,34.33,8479,11561,0,11561,2400,False,0.926,3082
battery-sparse-n250,250,4,30000,34.33,8445,11344,0,11344,13200,True,0.694,2900
battery-sparse-n250,250,4,30000,34.33,8445,11344,0,11344,13200,True,0.694,2900
battery-sparse-n250,250,5,30000,34.33,8410,11132,0,11132,24000,True,0.556,2722
battery-sparse-n250,250,5,30000,34.33,8410,11132,6000,11132,24000,True,0.556,2722
battery-sparse-n250,250,6,30000,34.33,8376,10927,0,10927,34800,True,0.463,2551
battery-sparse-n250,250,6,30000,34.33,8376,10927,13200,13200,34800,True,0.463,4824
battery-sparse-n250,250,7,30000,34.33,8342,10756,0,10756,45600,True,0.397,2414
battery-sparse-n250,250,7,30000,34.33,8342,10756,20400,20400,45600,True,0.397,12058
battery-sparse-n250,250,8,30000,34.33,8307,10601,0,10601,56400,True,0.347,2294
battery-sparse-n250,250,8,30000,34.33,8307,10601,27600,27600,56400,True,0.347,19293
battery-sparse-n250,250,9,30000,34.33,8273,10449,0,10449,67200,True,0.309,2176
battery-sparse-n250,250,9,30000,34.33,8273,10449,34800,34800,67200,True,0.309,26527
battery-sparse-n250,250,10,30000,34.33,8239,10299,0,10299,78000,True,0.278,2060
battery-sparse-n250,250,10,30000,34.33,8239,10299,42000,42000,78000,True,0.278,33761
battery-sparse-n250,250,11,30000,34.33,8204,10160,0,10160,88800,True,0.253,1955
battery-sparse-n250,250,11,30000,34.33,8204,10160,49200,49200,88800,True,0.253,40996
battery-sparse-n250,250,12,30000,34.33,8170,10024,0,10024,99600,True,0.231,1854
battery-sparse-n250,250,12,30000,34.33,8170,10024,56400,56400,99600,True,0.231,48230
battery-sparse-n250,250,13,30000,34.33,8136,9897,0,9897,110400,True,0.214,1761
battery-sparse-n250,250,13,30000,34.33,8136,9897,63600,63600,110400,True,0.214,55464
battery-sparse-n250,250,14,30000,34.33,8102,9777,0,9777,121200,True,0.198,1675
battery-sparse-n250,250,14,30000,34.33,8102,9777,70800,70800,121200,True,0.198,62698
battery-sparse-n250,250,15,30000,34.33,8067,9660,0,9660,132000,True,0.185,1592
battery-sparse-n250,250,15,30000,34.33,8067,9660,78000,78000,132000,True,0.185,69933
battery-sparse-n250,250,16,30000,34.33,8033,9543,0,9543,142800,True,0.174,1510
battery-sparse-n250,250,16,30000,34.33,8033,9543,85200,85200,142800,True,0.174,77167
battery-sparse-n250,250,17,30000,34.33,7999,9427,0,9427,153600,True,0.163,1429
battery-sparse-n250,250,17,30000,34.33,7999,9427,92400,92400,153600,True,0.163,84401
battery-sparse-n250,250,18,30000,34.33,7964,9321,0,9321,164400,True,0.154,1357
battery-sparse-n250,250,18,30000,34.33,7964,9321,99600,99600,164400,True,0.154,91636
battery-sparse-n250,250,19,30000,34.33,7930,9216,0,9216,175200,True,0.146,1286
battery-sparse-n250,250,19,30000,34.33,7930,9216,106800,106800,175200,True,0.146,98870
battery-sparse-n250,250,20,30000,34.33,7896,9115,0,9115,186000,True,0.139,1219
battery-sparse-n250,250,20,30000,34.33,7896,9115,114000,114000,186000,True,0.139,106104
battery-sparse-n250,250,21,30000,34.33,7861,9014,0,9014,196800,True,0.132,1153
battery-sparse-n250,250,21,30000,34.33,7861,9014,121200,121200,196800,True,0.132,113339
battery-sparse-n250,250,22,30000,34.33,7827,8921,0,8921,207600,True,0.126,1094
battery-sparse-n250,250,22,30000,34.33,7827,8921,128400,128400,207600,True,0.126,120573
battery-sparse-n250,250,23,30000,34.33,7793,8827,0,8827,218400,True,0.121,1035
battery-sparse-n250,250,23,30000,34.33,7793,8827,135600,135600,218400,True,0.121,127807
battery-sparse-n250,250,24,30000,34.33,7758,8737,0,8737,229200,True,0.116,978
battery-sparse-n250,250,24,30000,34.33,7758,8737,142800,142800,229200,True,0.116,135042
battery-sparse-n250,250,25,30000,34.33,7724,8647,0,8647,240000,True,0.111,923
battery-sparse-n250,250,25,30000,34.33,7724,8647,150000,150000,240000,True,0.111,142276
battery-sparse-n250,250,26,30000,34.33,7690,8560,0,8560,250800,True,0.107,870
battery-sparse-n250,250,26,30000,34.33,7690,8560,157200,157200,250800,True,0.107,149510
battery-sparse-n250,250,27,30000,34.33,7655,8474,0,8474,261600,True,0.103,818
battery-sparse-n250,250,27,30000,34.33,7655,8474,164400,164400,261600,True,0.103,156745
battery-sparse-n250,250,28,30000,34.33,7621,8388,0,8388,272400,True,0.099,767
battery-sparse-n250,250,28,30000,34.33,7621,8388,171600,171600,272400,True,0.099,163979
battery-sparse-n250,250,29,30000,34.33,7587,8302,0,8302,283200,True,0.096,716
battery-sparse-n250,250,29,30000,34.33,7587,8302,178800,178800,283200,True,0.096,171213
battery-sparse-n250,250,30,30000,34.33,7552,8217,0,8217,294000,True,0.093,665
battery-sparse-n250,250,30,30000,34.33,7552,8217,186000,186000,294000,True,0.093,178448
battery-sparse-n250,250,31,30000,34.33,7518,8132,0,8132,304800,True,0.09,614
battery-sparse-n250,250,31,30000,34.33,7518,8132,193200,193200,304800,True,0.09,185682
battery-sparse-n250,250,32,30000,34.33,7484,8047,0,8047,315600,True,0.087,564
battery-sparse-n250,250,32,30000,34.33,7484,8047,200400,200400,315600,True,0.087,192916
battery-sparse-n250,250,33,30000,34.33,7449,7962,0,7962,326400,True,0.084,513
battery-sparse-n250,250,33,30000,34.33,7449,7962,207600,207600,326400,True,0.084,200151
battery-sparse-n250,250,34,30000,34.33,7415,7878,0,7878,337200,True,0.082,463
battery-sparse-n250,250,34,30000,34.33,7415,7878,214800,214800,337200,True,0.082,207385
battery-sparse-n250,250,35,30000,34.33,7381,7794,0,7794,348000,True,0.079,413
battery-sparse-n250,250,35,30000,34.33,7381,7794,222000,222000,348000,True,0.079,214619
battery-sparse-n250,250,36,30000,34.33,7346,7710,0,7710,358800,True,0.077,364
battery-sparse-n250,250,36,30000,34.33,7346,7710,229200,229200,358800,True,0.077,221854
battery-sparse-n250,250,37,30000,34.33,7312,7626,0,7626,369600,True,0.075,315
battery-sparse-n250,250,37,30000,34.33,7312,7626,236400,236400,369600,True,0.075,229088
battery-sparse-n250,250,38,30000,34.33,7278,7545,0,7545,380400,True,0.073,267
battery-sparse-n250,250,38,30000,34.33,7278,7545,243600,243600,380400,True,0.073,236322
battery-sparse-n250,250,39,30000,34.33,7243,7464,0,7464,391200,True,0.071,221
battery-sparse-n250,250,39,30000,34.33,7243,7464,250800,250800,391200,True,0.071,243557
battery-sparse-n250,250,40,30000,34.33,7209,7383,0,7383,402000,True,0.069,174
battery-sparse-n250,250,40,30000,34.33,7209,7383,258000,258000,402000,True,0.069,250791
battery-sparse-n500,500,1,60000,19.23,9596,15215,0,15215,-49200,False,5.556,5618
battery-sparse-n500,500,1,60000,19.23,9596,15215,0,15215,-49200,False,5.556,5618
battery-sparse-n500,500,2,60000,19.23,9577,14721,0,14721,-38400,False,2.778,5144
battery-sparse-n500,500,2,60000,19.23,9577,14721,0,14721,-38400,False,2.778,5144
battery-sparse-n500,500,3,60000,19.23,9558,14349,0,14349,-27600,False,1.852,4791
battery-sparse-n500,500,3,60000,19.23,9558,14349,0,14349,-27600,False,1.852,4791
battery-sparse-n500,500,4,60000,19.23,9538,14148,0,14148,-16800,False,1.389,4610
battery-sparse-n500,500,4,60000,19.23,9538,14148,0,14148,-16800,False,1.389,4610
battery-sparse-n500,500,5,60000,19.23,9519,13959,0,13959,-6000,False,1.111,4440
battery-sparse-n500,500,5,60000,19.23,9519,13959,0,13959,-6000,False,1.111,4440
battery-sparse-n500,500,6,60000,19.23,9500,13783,0,13783,4800,False,0.926,4283
battery-sparse-n500,500,6,60000,19.23,9500,13783,0,13783,4800,False,0.926,4283
battery-sparse-n500,500,7,60000,19.23,9481,13647,0,13647,15600,True,0.794,4166
battery-sparse-n500,500,7,60000,19.23,9481,13647,0,13647,15600,True,0.794,4166
battery-sparse-n500,500,8,60000,19.23,9462,13517,0,13517,26400,True,0.694,4056
battery-sparse-n500,500,8,60000,19.23,9462,13517,0,13517,26400,True,0.694,4056
battery-sparse-n500,500,9,60000,19.23,9442,13401,0,13401,37200,True,0.617,3959
battery-sparse-n500,500,9,60000,19.23,9442,13401,4800,13401,37200,True,0.617,3959
battery-sparse-n500,500,10,60000,19.23,9423,13285,0,13285,48000,True,0.556,3862
battery-sparse-n500,500,10,60000,19.23,9423,13285,12000,13285,48000,True,0.556,3862
battery-sparse-n500,500,11,60000,19.23,9404,13169,0,13169,58800,True,0.505,3765
battery-sparse-n500,500,11,60000,19.23,9404,13169,19200,19200,58800,True,0.505,9796
battery-sparse-n500,500,12,60000,19.23,9385,13055,0,13055,69600,True,0.463,3671
battery-sparse-n500,500,12,60000,19.23,9385,13055,26400,26400,69600,True,0.463,17015
battery-sparse-n500,500,13,60000,19.23,9365,12948,0,12948,80400,True,0.427,3583
battery-sparse-n500,500,13,60000,19.23,9365,12948,33600,33600,80400,True,0.427,24235
battery-sparse-n500,500,14,60000,19.23,9346,12848,0,12848,91200,True,0.397,3502
battery-sparse-n500,500,14,60000,19.23,9346,12848,40800,40800,91200,True,0.397,31454
battery-sparse-n500,500,15,60000,19.23,9327,12752,0,12752,102000,True,0.37,3425
battery-sparse-n500,500,15,60000,19.23,9327,12752,48000,48000,102000,True,0.37,38673
battery-sparse-n500,500,16,60000,19.23,9308,12658,0,12658,112800,True,0.347,3350
battery-sparse-n500,500,16,60000,19.23,9308,12658,55200,55200,112800,True,0.347,45892
battery-sparse-n500,500,17,60000,19.23,9288,12564,0,12564,123600,True,0.327,3275
battery-sparse-n500,500,17,60000,19.23,9288,12564,62400,62400,123600,True,0.327,53112
battery-sparse-n500,500,18,60000,19.23,9269,12470,0,12470,134400,True,0.309,3201
battery-sparse-n500,500,18,60000,19.23,9269,12470,69600,69600,134400,True,0.309,60331
battery-sparse-n500,500,19,60000,19.23,9250,12377,0,12377,145200,True,0.292,3127
battery-sparse-n500,500,19,60000,19.23,9250,12377,76800,76800,145200,True,0.292,67550
battery-sparse-n500,500,20,60000,19.23,9231,12285,0,12285,156000,True,0.278,3054
battery-sparse-n500,500,20,60000,19.23,9231,12285,84000,84000,156000,True,0.278,74769
battery-sparse-n500,500,21,60000,19.23,9212,12197,0,12197,166800,True,0.265,2986
battery-sparse-n500,500,21,60000,19.23,9212,12197,91200,91200,166800,True,0.265,81988
battery-sparse-n500,500,22,60000,19.23,9192,12112,0,12112,177600,True,0.253,2920
battery-sparse-n500,500,22,60000,19.23,9192,12112,98400,98400,177600,True,0.253,89208
battery-sparse-n500,500,23,60000,19.23,9173,12028,0,12028,188400,True,0.242,2854
battery-sparse-n500,500,23,60000,19.23,9173,12028,105600,105600,188400,True,0.242,96427
battery-sparse-n500,500,24,60000,19.23,9154,11944,0,11944,199200,True,0.231,2790
battery-sparse-n500,500,24,60000,19.23,9154,11944,112800,112800,199200,True,0.231,103646
battery-sparse-n500,500,25,60000,19.23,9135,11861,0,11861,210000,True,0.222,2726
battery-sparse-n500,500,25,60000,19.23,9135,11861,120000,120000,210000,True,0.222,110865
battery-sparse-n500,500,26,60000,19.23,9115,11781,0,11781,220800,True,0.214,2666
battery-sparse-n500,500,26,60000,19.23,9115,11781,127200,127200,220800,True,0.214,118085
battery-sparse-n500,500,27,60000,19.23,9096,11703,0,11703,231600,True,0.206,2607
battery-sparse-n500,500,27,60000,19.23,9096,11703,134400,134400,231600,True,0.206,125304
battery-sparse-n500,500,28,60000,19.23,9077,11624,0,11624,242400,True,0.198,2547
battery-sparse-n500,500,28,60000,19.23,9077,11624,141600,141600,242400,True,0.198,132523
battery-sparse-n500,500,29,60000,19.23,9058,11547,0,11547,253200,True,0.192,2489
battery-sparse-n500,500,29,60000,19.23,9058,11547,148800,148800,253200,True,0.192,139742
battery-sparse-n500,500,30,60000,19.23,9038,11471,0,11471,264000,True,0.185,2432
battery-sparse-n500,500,30,60000,19.23,9038,11471,156000,156000,264000,True,0.185,146962
battery-sparse-n500,500,31,60000,19.23,9019,11395,0,11395,274800,True,0.179,2375
battery-sparse-n500,500,31,60000,19.23,9019,11395,163200,163200,274800,True,0.179,154181
battery-sparse-n500,500,32,60000,19.23,9000,11319,0,11319,285600,True,0.174,2319
battery-sparse-n500,500,32,60000,19.23,9000,11319,170400,170400,285600,True,0.174,161400
battery-sparse-n500,500,33,60000,19.23,8981,11244,0,11244,296400,True,0.168,2263
battery-sparse-n500,500,33,60000,19.23,8981,11244,177600,177600,296400,True,0.168,168619
battery-sparse-n500,500,34,60000,19.23,8962,11170,0,11170,307200,True,0.163,2208
battery-sparse-n500,500,34,60000,19.23,8962,11170,184800,184800,307200,True,0.163,175838
battery-sparse-n500,500,35,60000,19.23,8942,11097,0,11097,318000,True,0.159,2154
battery-sparse-n500,500,35,60000,19.23,8942,11097,192000,192000,318000,True,0.159,183058
battery-sparse-n500,500,36,60000,19.23,8923,11026,0,11026,328800,True,0.154,2103
battery-sparse-n500,500,36,60000,19.23,8923,11026,199200,199200,328800,True,0.154,190277
battery-sparse-n500,500,37,60000,19.23,8904,10955,0,10955,339600,True,0.15,2051
battery-sparse-n500,500,37,60000,19.23,8904,10955,206400,206400,339600,True,0.15,197496
battery-sparse-n500,500,38,60000,19.23,8885,10884,0,10884,350400,True,0.146,2000
battery-sparse-n500,500,38,60000,19.23,8885,10884,213600,213600,350400,True,0.146,204715
battery-sparse-n500,500,39,60000,19.23,8865,10814,0,10814,361200,True,0.142,1948
battery-sparse-n500,500,39,60000,19.23,8865,10814,220800,220800,361200,True,0.142,211935
battery-sparse-n500,500,40,60000,19.23,8846,10744,0,10744,372000,True,0.139,1898
battery-sparse-n500,500,40,60000,19.23,8846,10744,228000,228000,372000,True,0.139,219154
area-26-n157,157,1,18840,15.48,2414,4256,0,4256,-8040,False,1.744,1842
area-26-n157,157,1,18840,15.48,2414,4256,0,4256,-8040,False,1.744,1842
area-26-n157,157,2,18840,15.48,2399,3881,0,3881,2760,False,0.872,1482
area-26-n157,157,2,18840,15.48,2399,3881,0,3881,2760,False,0.872,1482
area-26-n157,157,3,18840,15.48,2383,3618,0,3618,13560,True,0.581,1235
area-26-n157,157,3,18840,15.48,2383,3618,2760,3618,13560,True,0.581,1235
area-26-n157,157,4,18840,15.48,2368,3406,0,3406,24360,True,0.436,1039
area-26-n157,157,4,18840,15.48,2368,3406,9960,9960,24360,True,0.436,7592
area-26-n157,157,5,18840,15.48,2352,3230,0,3230,35160,True,0.349,878
area-26-n157,157,5,18840,15.48,2352,3230,17160,17160,35160,True,0.349,14808
area-26-n157,157,6,18840,15.48,2337,3075,0,3075,45960,True,0.291,738
area-26-n157,157,6,18840,15.48,2337,3075,24360,24360,45960,True,0.291,22023
area-26-n157,157,7,18840,15.48,2321,2953,0,2953,56760,True,0.249,631
area-26-n157,157,7,18840,15.48,2321,2953,31560,31560,56760,True,0.249,29239
area-26-n157,157,8,18840,15.48,2306,2855,0,2855,67560,True,0.218,549
area-26-n157,157,8,18840,15.48,2306,2855,38760,38760,67560,True,0.218,36454
area-26-n157,157,9,18840,15.48,2291,2765,0,2765,78360,True,0.194,474
area-26-n157,157,9,18840,15.48,2291,2765,45960,45960,78360,True,0.194,43669
area-26-n157,157,10,18840,15.48,2275,2682,0,2682,89160,True,0.174,407
area-26-n157,157,10,18840,15.48,2275,2682,53160,53160,89160,True,0.174,50885
area-26-n157,157,11,18840,15.48,2260,2602,0,2602,99960,True,0.159,342
area-26-n157,157,11,18840,15.48,2260,2602,60360,60360,99960,True,0.159,58100
area-26-n157,157,12,18840,15.48,2244,2525,0,2525,110760,True,0.145,281
area-26-n157,157,12,18840,15.48,2244,2525,67560,67560,110760,True,0.145,65316
area-26-n157,157,13,18840,15.48,2229,2452,0,2452,121560,True,0.134,224
area-26-n157,157,13,18840,15.48,2229,2452,74760,74760,121560,True,0.134,72531
area-26-n157,157,14,18840,15.48,2213,2382,0,2382,132360,True,0.125,169
area-26-n157,157,14,18840,15.48,2213,2382,81960,81960,132360,True,0.125,79747
area-26-n157,157,15,18840,15.48,2198,2318,0,2318,143160,True,0.116,121
area-26-n157,157,15,18840,15.48,2198,2318,89160,89160,143160,True,0.116,86962
area-26-n157,157,16,18840,15.48,2182,2256,0,2256,153960,True,0.109,73
area-26-n157,157,16,18840,15.48,2182,2256,96360,96360,153960,True,0.109,94178
area-26-n157,157,17,18840,15.48,2167,2197,0,2197,164760,True,0.103,30
area-26-n157,157,17,18840,15.48,2167,2197,103560,103560,164760,True,0.103,101393
area-26-n157,157,18,18840,15.48,2151,2138,0,2138,175560,True,0.097,0
area-26-n157,157,18,18840,15.48,2151,2138,110760,110760,175560,True,0.097,108609
area-26-n157,157,19,18840,15.48,2136,2085,0,2085,186360,True,0.092,0
area-26-n157,157,19,18840,15.48,2136,2085,117960,117960,186360,True,0.092,115824
area-26-n157,157,20,18840,15.48,2120,2034,0,2034,197160,True,0.087,0
area-26-n157,157,20,18840,15.48,2120,2034,125160,125160,197160,True,0.087,123040
area-26-n157,157,21,18840,15.48,2105,1986,0,1986,207960,True,0.083,0
area-26-n157,157,21,18840,15.48,2105,1986,132360,132360,207960,True,0.083,130255
area-26-n157,157,22,18840,15.48,2089,1938,0,1938,218760,True,0.079,0
area-26-n157,157,22,18840,15.48,2089,1938,139560,139560,218760,True,0.079,137471
area-26-n157,157,23,18840,15.48,2074,1892,0,1892,229560,True,0.076,0
area-26-n157,157,23,18840,15.48,2074,1892,146760,146760,229560,True,0.076,144686
area-26-n157,157,24,18840,15.48,2058,1847,0,1847,240360,True,0.073,0
area-26-n157,157,24,18840,15.48,2058,1847,153960,153960,240360,True,0.073,151902
area-26-n157,157,25,18840,15.48,2043,1801,0,1801,251160,True,0.07,0
area-26-n157,157,25,18840,15.48,2043,1801,161160,161160,251160,True,0.07,159117
area-26-n157,157,26,18840,15.48,2027,1756,0,1756,261960,True,0.067,0
area-26-n157,157,26,18840,15.48,2027,1756,168360,168360,261960,True,0.067,166333
area-26-n157,157,27,18840,15.48,2012,1712,0,1712,272760,True,0.065,0
area-26-n157,157,27,18840,15.48,2012,1712,175560,175560,272760,True,0.065,173548
area-26-n157,157,28,18840,15.48,1996,1668,0,1668,283560,True,0.062,0
area-26-n157,157,28,18840,15.48,1996,1668,182760,182760,283560,True,0.062,180764
area-26-n157,157,29,18840,15.48,1981,1624,0,1624,294360,True,0.06,0
area-26-n157,157,29,18840,15.48,1981,1624,189960,189960,294360,True,0.06,187979
area-26-n157,157,30,18840,15.48,1966,1580,0,1580,305160,True,0.058,0
area-26-n157,157,30,18840,15.48,1966,1580,197160,197160,305160,True,0.058,195194
area-26-n157,157,31,18840,15.48,1950,1538,0,1538,315960,True,0.056,0
area-26-n157,157,31,18840,15.48,1950,1538,204360,204360,315960,True,0.056,202410
area-26-n157,157,32,18840,15.48,1935,1496,0,1496,326760,True,0.055,0
area-26-n157,157,32,18840,15.48,1935,1496,211560,211560,326760,True,0.055,209625
area-26-n157,157,33,18840,15.48,1919,1456,0,1456,337560,True,0.053,0
area-26-n157,157,33,18840,15.48,1919,1456,218760,218760,337560,True,0.053,216841
area-26-n157,157,34,18840,15.48,1904,1416,0,1416,348360,True,0.051,0
area-26-n157,157,34,18840,15.48,1904,1416,225960,225960,348360,True,0.051,224056
area-26-n157,157,35,18840,15.48,1888,1378,0,1378,359160,True,0.05,0
area-26-n157,157,35,18840,15.48,1888,1378,233160,233160,359160,True,0.05,231272
area-26-n157,157,36,18840,15.48,1873,1341,0,1341,369960,True,0.048,0
area-26-n157,157,36,18840,15.48,1873,1341,240360,240360,369960,True,0.048,238487
area-26-n157,157,37,18840,15.48,1857,1304,0,1304,380760,True,0.047,0
area-26-n157,157,37,18840,15.48,1857,1304,247560,247560,380760,True,0.047,245703
area-26-n157,157,38,18840,15.48,1842,1267,0,1267,391560,True,0.046,0
area-26-n157,157,38,18840,15.48,1842,1267,254760,254760,391560,True,0.046,252918
area-26-n157,157,39,18840,15.48,1826,1232,0,1232,402360,True,0.045,0
area-26-n157,157,39,18840,15.48,1826,1232,261960,261960,402360,True,0.045,260134
area-26-n157,157,40,18840,15.48,1811,1198,0,1198,413160,True,0.044,0
area-26-n157,157,40,18840,15.48,1811,1198,269160,269160,413160,True,0.044,267349
area-27-n72,72,1,8640,7.59,539,1303,0,1303,2160,True,0.8,764
area-27-n72,72,1,8640,7.59,539,1303,0,1303,2160,True,0.8,764
area-27-n72,72,2,8640,7.59,531,914,0,914,12960,True,0.4,382
area-27-n72,72,2,8640,7.59,531,914,5760,5760,12960,True,0.4,5229
area-27-n72,72,3,8640,7.59,524,788,0,788,23760,True,0.267,264
area-27-n72,72,3,8640,7.59,524,788,12960,12960,23760,True,0.267,12436
area-27-n72,72,4,8640,7.59,516,740,0,740,34560,True,0.2,224
area-27-n72,72,4,8640,7.59,516,740,20160,20160,34560,True,0.2,19644
area-27-n72,72,5,8640,7.59,509,694,0,694,45360,True,0.16,185
area-27-n72,72,5,8640,7.59,509,694,27360,27360,45360,True,0.16,26851
area-27-n72,72,6,8640,7.59,501,649,0,649,56160,True,0.133,148
area-27-n72,72,6,8640,7.59,501,649,34560,34560,56160,True,0.133,34059
area-27-n72,72,7,8640,7.59,493,604,0,604,66960,True,0.114,110
area-27-n72,72,7,8640,7.59,493,604,41760,41760,66960,True,0.114,41267
area-27-n72,72,8,8640,7.59,486,564,0,564,77760,True,0.1,78
area-27-n72,72,8,8640,7.59,486,564,48960,48960,77760,True,0.1,48474
area-27-n72,72,9,8640,7.59,478,529,0,529,88560,True,0.089,51
area-27-n72,72,9,8640,7.59,478,529,56160,56160,88560,True,0.089,55682
area-27-n72,72,10,8640,7.59,471,495,0,495,99360,True,0.08,24
area-27-n72,72,10,8640,7.59,471,495,63360,63360,99360,True,0.08,62889
area-27-n72,72,11,8640,7.59,463,465,0,465,110160,True,0.073,2
area-27-n72,72,11,8640,7.59,463,465,70560,70560,110160,True,0.073,70097
area-27-n72,72,12,8640,7.59,456,439,0,439,120960,True,0.067,0
area-27-n72,72,12,8640,7.59,456,439,77760,77760,120960,True,0.067,77304
area-27-n72,72,13,8640,7.59,448,416,0,416,131760,True,0.062,0
area-27-n72,72,13,8640,7.59,448,416,84960,84960,131760,True,0.062,84512
area-27-n72,72,14,8640,7.59,440,397,0,397,142560,True,0.057,0
area-27-n72,72,14,8640,7.59,440,397,92160,92160,142560,True,0.057,91720
area-27-n72,72,15,8640,7.59,433,378,0,378,153360,True,0.053,0
area-27-n72,72,15,8640,7.59,433,378,99360,99360,153360,True,0.053,98927
area-27-n72,72,16,8640,7.59,425,361,0,361,164160,True,0.05,0
area-27-n72,72,16,8640,7.59,425,361,106560,106560,164160,True,0.05,106135
area-27-n72,72,17,8640,7.59,418,344,0,344,174960,True,0.047,0
area-27-n72,72,17,8640,7.59,418,344,113760,113760,174960,True,0.047,113342
area-27-n72,72,18,8640,7.59,410,328,0,328,185760,True,0.044,0
area-27-n72,72,18,8640,7.59,410,328,120960,120960,185760,True,0.044,120550
area-27-n72,72,19,8640,7.59,402,311,0,311,196560,True,0.042,0
area-27-n72,72,19,8640,7.59,402,311,128160,128160,196560,True,0.042,127758
area-27-n72,72,20,8640,7.59,395,295,0,295,207360,True,0.04,0
area-27-n72,72,20,8640,7.59,395,295,135360,135360,207360,True,0.04,134965
area-27-n72,72,21,8640,7.59,387,280,0,280,218160,True,0.038,0
area-27-n72,72,21,8640,7.59,387,280,142560,142560,218160,True,0.038,142173
area-27-n72,72,22,8640,7.59,380,264,0,264,228960,True,0.036,0
area-27-n72,72,22,8640,7.59,380,264,149760,149760,228960,True,0.036,149380
area-27-n72,72,23,8640,7.59,372,250,0,250,239760,True,0.035,0
area-27-n72,72,23,8640,7.59,372,250,156960,156960,239760,True,0.035,156588
area-27-n72,72,24,8640,7.59,364,237,0,237,250560,True,0.033,0
area-27-n72,72,24,8640,7.59,364,237,164160,164160,250560,True,0.033,163796
area-27-n72,72,25,8640,7.59,357,224,0,224,261360,True,0.032,0
area-27-n72,72,25,8640,7.59,357,224,171360,171360,261360,True,0.032,171003
area-27-n72,72,26,8640,7.59,349,212,0,212,272160,True,0.031,0
area-27-n72,72,26,8640,7.59,349,212,178560,178560,272160,True,0.031,178211
area-27-n72,72,27,8640,7.59,342,201,0,201,282960,True,0.03,0
area-27-n72,72,27,8640,7.59,342,201,185760,185760,282960,True,0.03,185418
area-27-n72,72,28,8640,7.59,334,190,0,190,293760,True,0.029,0
area-27-n72,72,28,8640,7.59,334,190,192960,192960,293760,True,0.029,192626
area-27-n72,72,29,8640,7.59,326,179,0,179,304560,True,0.028,0
area-27-n72,72,29,8640,7.59,326,179,200160,200160,304560,True,0.028,199834
area-27-n72,72,30,8640,7.59,319,168,0,168,315360,True,0.027,0
area-27-n72,72,30,8640,7.59,319,168,207360,207360,315360,True,0.027,207041
area-27-n72,72,31,8640,7.59,311,161,0,161,326160,True,0.026,0
area-27-n72,72,31,8640,7.59,311,161,214560,214560,326160,True,0.026,214249
area-27-n72,72,32,8640,7.59,304,153,0,153,336960,True,0.025,0
area-27-n72,72,32,8640,7.59,304,153,221760,221760,336960,True,0.025,221456
area-27-n72,72,33,8640,7.59,296,146,0,146,347760,True,0.024,0
area-27-n72,72,33,8640,7.59,296,146,228960,228960,347760,True,0.024,228664
area-27-n72,72,34,8640,7.59,288,140,0,140,358560,True,0.024,0
area-27-n72,72,34,8640,7.59,288,140,236160,236160,358560,True,0.024,235872
area-27-n72,72,35,8640,7.59,281,133,0,133,369360,True,0.023,0
area-27-n72,72,35,8640,7.59,281,133,243360,243360,369360,True,0.023,243079
area-27-n72,72,36,8640,7.59,273,126,0,126,380160,True,0.022,0
area-27-n72,72,36,8640,7.59,273,126,250560,250560,380160,True,0.022,250287
area-27-n72,72,37,8640,7.59,266,120,0,120,390960,True,0.022,0
area-27-n72,72,37,8640,7.59,266,120,257760,257760,390960,True,0.022,257494
area-27-n72,72,38,8640,7.59,258,114,0,114,401760,True,0.021,0
area-27-n72,72,38,8640,7.59,258,114,264960,264960,401760,True,0.021,264702
area-27-n72,72,39,8640,7.59,251,108,0,108,412560,True,0.021,0
area-27-n72,72,39,8640,7.59,251,108,272160,272160,412560,True,0.021,271909
area-27-n72,72,40,8640,7.59,243,102,0,102,423360,True,0.02,0
area-27-n72,72,40,8640,7.59,243,102,279360,279360,423360,True,0.02,279117
area-29-n43,43,1,5160,9.23,388,789,0,789,5640,True,0.478,401
area-29-n43,43,1,5160,9.23,388,789,2040,2040,5640,True,0.478,1652
area-29-n43,43,2,5160,9.23,379,685,0,685,16440,True,0.239,306
area-29-n43,43,2,5160,9.23,379,685,9240,9240,16440,True,0.239,8861
area-29-n43,43,3,5160,9.23,369,620,0,620,27240,True,0.159,251
area-29-n43,43,3,5160,9.23,369,620,16440,16440,27240,True,0.159,16071
area-29-n43,43,4,5160,9.23,360,569,0,569,38040,True,0.119,209
area-29-n43,43,4,5160,9.23,360,569,23640,23640,38040,True,0.119,23280
area-29-n43,43,5,5160,9.23,351,522,0,522,48840,True,0.096,171
area-29-n43,43,5,5160,9.23,351,522,30840,30840,48840,True,0.096,30489
area-29-n43,43,6,5160,9.23,342,476,0,476,59640,True,0.08,134
area-29-n43,43,6,5160,9.23,342,476,38040,38040,59640,True,0.08,37698
area-29-n43,43,7,5160,9.23,332,433,0,433,70440,True,0.068,100
area-29-n43,43,7,5160,9.23,332,433,45240,45240,70440,True,0.068,44908
area-29-n43,43,8,5160,9.23,323,396,0,396,81240,True,0.06,73
area-29-n43,43,8,5160,9.23,323,396,52440,52440,81240,True,0.06,52117
area-29-n43,43,9,5160,9.23,314,364,0,364,92040,True,0.053,50
area-29-n43,43,9,5160,9.23,314,364,59640,59640,92040,True,0.053,59326
area-29-n43,43,10,5160,9.23,305,332,0,332,102840,True,0.048,28
area-29-n43,43,10,5160,9.23,305,332,66840,66840,102840,True,0.048,66535
area-29-n43,43,11,5160,9.23,295,301,0,301,113640,True,0.043,6
area-29-n43,43,11,5160,9.23,295,301,74040,74040,113640,True,0.043,73745
area-29-n43,43,12,5160,9.23,286,273,0,273,124440,True,0.04,0
area-29-n43,43,12,5160,9.23,286,273,81240,81240,124440,True,0.04,80954
area-29-n43,43,13,5160,9.23,277,248,0,248,135240,True,0.037,0
area-29-n43,43,13,5160,9.23,277,248,88440,88440,135240,True,0.037,88163
area-29-n43,43,14,5160,9.23,268,223,0,223,146040,True,0.034,0
area-29-n43,43,14,5160,9.23,268,223,95640,95640,146040,True,0.034,95372
area-29-n43,43,15,5160,9.23,259,200,0,200,156840,True,0.032,0
area-29-n43,43,15,5160,9.23,259,200,102840,102840,156840,True,0.032,102581
area-29-n43,43,16,5160,9.23,249,176,0,176,167640,True,0.03,0
area-29-n43,43,16,5160,9.23,249,176,110040,110040,167640,True,0.03,109791
area-29-n43,43,17,5160,9.23,240,154,0,154,178440,True,0.028,0
area-29-n43,43,17,5160,9.23,240,154,117240,117240,178440,True,0.028,117000
area-29-n43,43,18,5160,9.23,231,136,0,136,189240,True,0.027,0
area-29-n43,43,18,5160,9.23,231,136,124440,124440,189240,True,0.027,124209
area-29-n43,43,19,5160,9.23,222,121,0,121,200040,True,0.025,0
area-29-n43,43,19,5160,9.23,222,121,131640,131640,200040,True,0.025,131418
area-29-n43,43,20,5160,9.23,212,106,0,106,210840,True,0.024,0
area-29-n43,43,20,5160,9.23,212,106,138840,138840,210840,True,0.024,138628
area-29-n43,43,21,5160,9.23,203,92,0,92,221640,True,0.023,0
area-29-n43,43,21,5160,9.23,203,92,146040,146040,221640,True,0.023,145837
area-29-n43,43,22,5160,9.23,194,81,0,81,232440,True,0.022,0
area-29-n43,43,22,5160,9.23,194,81,153240,153240,232440,True,0.022,153046
area-29-n43,43,23,5160,9.23,185,71,0,71,243240,True,0.021,0
area-29-n43,43,23,5160,9.23,185,71,160440,160440,243240,True,0.021,160255
area-29-n43,43,24,5160,9.23,175,61,0,61,254040,True,0.02,0
area-29-n43,43,24,5160,9.23,175,61,167640,167640,254040,True,0.02,167465
area-29-n43,43,25,5160,9.23,166,55,0,55,264840,True,0.019,0
area-29-n43,43,25,5160,9.23,166,55,174840,174840,264840,True,0.019,174674
area-29-n43,43,26,5160,9.23,157,49,0,49,275640,True,0.018,0
area-29-n43,43,26,5160,9.23,157,49,182040,182040,275640,True,0.018,181883
area-29-n43,43,27,5160,9.23,148,44,0,44,286440,True,0.018,0
area-29-n43,43,27,5160,9.23,148,44,189240,189240,286440,True,0.018,189092
area-29-n43,43,28,5160,9.23,138,39,0,39,297240,True,0.017,0
area-29-n43,43,28,5160,9.23,138,39,196440,196440,297240,True,0.017,196302
area-29-n43,43,29,5160,9.23,129,34,0,34,308040,True,0.016,0
area-29-n43,43,29,5160,9.23,129,34,203640,203640,308040,True,0.016,203511
area-29-n43,43,30,5160,9.23,120,30,0,30,318840,True,0.016,0
area-29-n43,43,30,5160,9.23,120,30,210840,210840,318840,True,0.016,210720
area-29-n43,43,31,5160,9.23,111,26,0,26,329640,True,0.015,0
area-29-n43,43,31,5160,9.23,111,26,218040,218040,329640,True,0.015,217929
area-29-n43,43,32,5160,9.23,102,23,0,23,340440,True,0.015,0
area-29-n43,43,32,5160,9.23,102,23,225240,225240,340440,True,0.015,225138
area-29-n43,43,33,5160,9.23,92,20,0,20,351240,True,0.014,0
area-29-n43,43,33,5160,9.23,92,20,232440,232440,351240,True,0.014,232348
area-29-n43,43,34,5160,9.23,83,17,0,17,362040,True,0.014,0
area-29-n43,43,34,5160,9.23,83,17,239640,239640,362040,True,0.014,239557
area-29-n43,43,35,5160,9.23,74,14,0,14,372840,True,0.014,0
area-29-n43,43,35,5160,9.23,74,14,246840,246840,372840,True,0.014,246766
area-29-n43,43,36,5160,9.23,65,11,0,11,383640,True,0.013,0
area-29-n43,43,36,5160,9.23,65,11,254040,254040,383640,True,0.013,253975
area-29-n43,43,37,5160,9.23,55,9,0,9,394440,True,0.013,0
area-29-n43,43,37,5160,9.23,55,9,261240,261240,394440,True,0.013,261185
area-29-n43,43,38,5160,9.23,46,6,0,6,405240,True,0.013,0
area-29-n43,43,38,5160,9.23,46,6,268440,268440,405240,True,0.013,268394
area-29-n43,43,39,5160,9.23,37,4,0,4,416040,True,0.012,0
area-29-n43,43,39,5160,9.23,37,4,275640,275640,416040,True,0.012,275603
area-29-n43,43,40,5160,9.23,28,2,0,2,426840,True,0.012,0
area-29-n43,43,40,5160,9.23,28,2,282840,282840,426840,True,0.012,282812
reference-n1607,1607,1,192840,17.1,27467,42837,0,42837,-182040,False,17.856,15370
reference-n1607,1607,1,192840,17.1,27467,42837,0,42837,-182040,False,17.856,15370
reference-n1607,1607,2,192840,17.1,27450,36051,0,36051,-171240,False,8.928,8601
reference-n1607,1607,2,192840,17.1,27450,36051,0,36051,-171240,False,8.928,8601
reference-n1607,1607,3,192840,17.1,27433,35259,0,35259,-160440,False,5.952,7827
reference-n1607,1607,3,192840,17.1,27433,35259,0,35259,-160440,False,5.952,7827
reference-n1607,1607,4,192840,17.1,27416,34759,0,34759,-149640,False,4.464,7344
reference-n1607,1607,4,192840,17.1,27416,34759,0,34759,-149640,False,4.464,7344
reference-n1607,1607,5,192840,17.1,27398,34370,0,34370,-138840,False,3.571,6972
reference-n1607,1607,5,192840,17.1,27398,34370,0,34370,-138840,False,3.571,6972
reference-n1607,1607,6,192840,17.1,27381,33995,0,33995,-128040,False,2.976,6613
reference-n1607,1607,6,192840,17.1,27381,33995,0,33995,-128040,False,2.976,6613
reference-n1607,1607,7,192840,17.1,27364,33663,0,33663,-117240,False,2.551,6299
reference-n1607,1607,7,192840,17.1,27364,33663,0,33663,-117240,False,2.551,6299
reference-n1607,1607,8,192840,17.1,27347,33358,0,33358,-106440,False,2.232,6010
reference-n1607,1607,8,192840,17.1,27347,33358,0,33358,-106440,False,2.232,6010
reference-n1607,1607,9,192840,17.1,27330,33095,0,33095,-95640,False,1.984,5765
reference-n1607,1607,9,192840,17.1,27330,33095,0,33095,-95640,False,1.984,5765
reference-n1607,1607,10,192840,17.1,27313,32883,0,32883,-84840,False,1.786,5570
reference-n1607,1607,10,192840,17.1,27313,32883,0,32883,-84840,False,1.786,5570
reference-n1607,1607,11,192840,17.1,27296,32679,0,32679,-74040,False,1.623,5384
reference-n1607,1607,11,192840,17.1,27296,32679,0,32679,-74040,False,1.623,5384
reference-n1607,1607,12,192840,17.1,27279,32504,0,32504,-63240,False,1.488,5225
reference-n1607,1607,12,192840,17.1,27279,32504,0,32504,-63240,False,1.488,5225
reference-n1607,1607,13,192840,17.1,27262,32344,0,32344,-52440,False,1.374,5082
reference-n1607,1607,13,192840,17.1,27262,32344,0,32344,-52440,False,1.374,5082
reference-n1607,1607,14,192840,17.1,27245,32189,0,32189,-41640,False,1.275,4944
reference-n1607,1607,14,192840,17.1,27245,32189,0,32189,-41640,False,1.275,4944
reference-n1607,1607,15,192840,17.1,27227,32036,0,32036,-30840,False,1.19,4809
reference-n1607,1607,15,192840,17.1,27227,32036,0,32036,-30840,False,1.19,4809
reference-n1607,1607,16,192840,17.1,27210,31887,0,31887,-20040,False,1.116,4677
reference-n1607,1607,16,192840,17.1,27210,31887,0,31887,-20040,False,1.116,4677
reference-n1607,1607,17,192840,17.1,27193,31751,0,31751,-9240,False,1.05,4557
reference-n1607,1607,17,192840,17.1,27193,31751,0,31751,-9240,False,1.05,4557
reference-n1607,1607,18,192840,17.1,27176,31623,0,31623,1560,False,0.992,4447
reference-n1607,1607,18,192840,17.1,27176,31623,0,31623,1560,False,0.992,4447
reference-n1607,1607,19,192840,17.1,27159,31500,0,31500,12360,False,0.94,4341
reference-n1607,1607,19,192840,17.1,27159,31500,0,31500,12360,False,0.94,4341
reference-n1607,1607,20,192840,17.1,27142,31377,0,31377,23160,False,0.893,4235
reference-n1607,1607,20,192840,17.1,27142,31377,0,31377,23160,False,0.893,4235
reference-n1607,1607,21,192840,17.1,27125,31260,0,31260,33960,True,0.85,4135
reference-n1607,1607,21,192840,17.1,27125,31260,0,31260,33960,True,0.85,4135
reference-n1607,1607,22,192840,17.1,27108,31147,0,31147,44760,True,0.812,4039
reference-n1607,1607,22,192840,17.1,27108,31147,0,31147,44760,True,0.812,4039
reference-n1607,1607,23,192840,17.1,27091,31037,0,31037,55560,True,0.776,3946
reference-n1607,1607,23,192840,17.1,27091,31037,0,31037,55560,True,0.776,3946
reference-n1607,1607,24,192840,17.1,27074,30928,0,30928,66360,True,0.744,3854
reference-n1607,1607,24,192840,17.1,27074,30928,0,30928,66360,True,0.744,3854
reference-n1607,1607,25,192840,17.1,27056,30823,0,30823,77160,True,0.714,3766
reference-n1607,1607,25,192840,17.1,27056,30823,0,30823,77160,True,0.714,3766
reference-n1607,1607,26,192840,17.1,27039,30719,0,30719,87960,True,0.687,3680
reference-n1607,1607,26,192840,17.1,27039,30719,0,30719,87960,True,0.687,3680
reference-n1607,1607,27,192840,17.1,27022,30616,0,30616,98760,True,0.661,3594
reference-n1607,1607,27,192840,17.1,27022,30616,1560,30616,98760,True,0.661,3594
reference-n1607,1607,28,192840,17.1,27005,30516,0,30516,109560,True,0.638,3510
reference-n1607,1607,28,192840,17.1,27005,30516,8760,30516,109560,True,0.638,3510
reference-n1607,1607,29,192840,17.1,26988,30416,0,30416,120360,True,0.616,3428
reference-n1607,1607,29,192840,17.1,26988,30416,15960,30416,120360,True,0.616,3428
reference-n1607,1607,30,192840,17.1,26971,30318,0,30318,131160,True,0.595,3347
reference-n1607,1607,30,192840,17.1,26971,30318,23160,30318,131160,True,0.595,3347
reference-n1607,1607,31,192840,17.1,26954,30221,0,30221,141960,True,0.576,3267
reference-n1607,1607,31,192840,17.1,26954,30221,30360,30360,141960,True,0.576,3406
reference-n1607,1607,32,192840,17.1,26937,30125,0,30125,152760,True,0.558,3188
reference-n1607,1607,32,192840,17.1,26937,30125,37560,37560,152760,True,0.558,10623
reference-n1607,1607,33,192840,17.1,26920,30030,0,30030,163560,True,0.541,3110
reference-n1607,1607,33,192840,17.1,26920,30030,44760,44760,163560,True,0.541,17840
reference-n1607,1607,34,192840,17.1,26903,29939,0,29939,174360,True,0.525,3037
reference-n1607,1607,34,192840,17.1,26903,29939,51960,51960,174360,True,0.525,25057
reference-n1607,1607,35,192840,17.1,26885,29849,0,29849,185160,True,0.51,2963
reference-n1607,1607,35,192840,17.1,26885,29849,59160,59160,185160,True,0.51,32275
reference-n1607,1607,36,192840,17.1,26868,29758,0,29758,195960,True,0.496,2890
reference-n1607,1607,36,192840,17.1,26868,29758,66360,66360,195960,True,0.496,39492
reference-n1607,1607,37,192840,17.1,26851,29668,0,29668,206760,True,0.483,2816
reference-n1607,1607,37,192840,17.1,26851,29668,73560,73560,206760,True,0.483,46709
reference-n1607,1607,38,192840,17.1,26834,29577,0,29577,217560,True,0.47,2743
reference-n1607,1607,38,192840,17.1,26834,29577,80760,80760,217560,True,0.47,53926
reference-n1607,1607,39,192840,17.1,26817,29488,0,29488,228360,True,0.458,2671
reference-n1607,1607,39,192840,17.1,26817,29488,87960,87960,228360,True,0.458,61143
reference-n1607,1607,40,192840,17.1,26800,29399,0,29399,239160,True,0.446,2599
reference-n1607,1607,40,192840,17.1,26800,29399,95160,95160,239160,True,0.446,68360
